lpn_number,container_instance_id,delivery_id,delivery_number,delivery_status,tracking_number,carrier_name,ship_from_location_id,ship_to_location_id,customer_or_site_name,delivery_detail_id,item,requested_quantity,shipped_quantity,uom,organization_id,requested_by_user_id,creation_date
LPN-0000242,500241,12221,DEL-000222,CL,1Z847416741595523,UPS,102,201,KNOXVILLE_SITE,700000,ITEM-00035,160,161,PK,301,3JK13Q,2025-10-14
LPN-0000160,500159,12005,DEL-000006,CL,1Z336353730798237,USPS,103,101,NASHVILLE_DC,700001,ITEM-00060,66,64,PK,103,KSJU00,2025-09-15
LPN-0000069,500068,12178,DEL-000179,STAGED,1Z432976435481987,FedEx,201,201,KNOXVILLE_SITE,700002,ITEM-00198,148,149,CT,301,ZGRY5X,2025-09-07
LPN-0000201,500200,12138,DEL-000139,CL,1Z413417267961130,FedEx,301,201,KNOXVILLE_SITE,700003,ITEM-00270,180,178,CT,301,V5X5WN,2025-09-27
LPN-0000214,500213,12213,DEL-000214,STAGED,1Z169844794305695,USPS,301,301,MEMPHIS_DC,700004,ITEM-00007,66,67,BX,201,9BZZ99,2025-08-18
LPN-0000085,500084,12030,DEL-000031,IN_TRANSIT,1Z613096892835990,DHL,301,101,FRANKLIN_SITE,700005,ITEM-00247,159,160,BX,101,DHAD0A,2025-09-08
LPN-0000247,500246,12209,DEL-000210,IN_TRANSIT,1Z613377398790729,DHL,301,103,KNOXVILLE_SITE,700006,ITEM-00232,34,33,PK,301,UO4HHF,2025-10-02
LPN-0000011,500010,12127,DEL-000128,OP,,XPO,301,201,FRANKLIN_SITE,700007,ITEM-00050,13,12,BX,101,Y5MN9Z,2025-10-15
LPN-0000212,500211,12188,DEL-000189,STAGED,1Z576292076981747,UPS,201,201,FRANKLIN_SITE,700008,ITEM-00149,72,73,CT,301,TRGTUR,2025-08-15
LPN-0000007,500006,12041,DEL-000042,OP,,FedEx,101,301,HENDERSONVILLE_SITE,700009,ITEM-00198,147,145,BX,301,OYDAPL,2025-10-12
LPN-0000095,500094,12141,DEL-000142,STAGED,1Z263996255278502,DHL,103,103,KNOXVILLE_SITE,700010,ITEM-00257,62,63,CT,102,UCMSG5,2025-09-30
LPN-0000205,500204,12153,DEL-000154,OP,1Z777411259582564,USPS,103,301,HENDERSONVILLE_SITE,700011,ITEM-00264,103,103,CT,103,LAIKXA,2025-07-11
LPN-0000110,500109,12116,DEL-000117,OP,,USPS,101,301,HENDERSONVILLE_SITE,700012,ITEM-00095,3,3,BX,103,XZIK19,2025-09-22
LPN-0000053,500052,12025,DEL-000026,STAGED,1Z507993305090205,USPS,101,201,FRANKLIN_SITE,700013,ITEM-00196,74,72,CT,301,MEZ4E3,2025-09-15
LPN-0000117,500116,12194,DEL-000195,STAGED,1Z330545239574679,FedEx,103,102,NASHVILLE_DC,700014,ITEM-00130,21,21,CT,301,TVTV4A,2025-09-13
LPN-0000033,500032,12162,DEL-000163,STAGED,,XPO,201,301,HENDERSONVILLE_SITE,700015,ITEM-00017,199,198,BX,101,1ZG4GL,2025-09-29
LPN-0000033,500032,12208,DEL-000209,IN_TRANSIT,1Z771985196355955,FedEx,101,301,KNOXVILLE_SITE,700016,ITEM-00210,92,91,EA,103,1ZG4GL,2025-08-12
LPN-0000081,500080,12075,DEL-000076,IN_TRANSIT,1Z495806874755863,FedEx,101,103,MEMPHIS_DC,700017,ITEM-00215,41,40,PK,201,YP1H0V,2025-09-24
LPN-0000163,500162,12070,DEL-000071,STAGED,1Z502189663703924,USPS,103,103,HENDERSONVILLE_SITE,700018,ITEM-00266,104,103,CT,101,3IMMZT,2025-10-03
LPN-0000096,500095,12183,DEL-000184,IN_TRANSIT,,XPO,101,201,MEMPHIS_DC,700019,ITEM-00079,126,126,EA,101,4NK34O,2025-08-21
LPN-0000091,500090,12063,DEL-000064,STAGED,1Z779840304768955,DHL,102,301,HENDERSONVILLE_SITE,700020,ITEM-00024,145,143,BX,201,6KMZBI,2025-10-10
LPN-0000124,500123,12056,DEL-000057,STAGED,1Z937402479943799,UPS,101,102,FRANKLIN_SITE,700021,ITEM-00066,84,83,BX,101,HKDM72,2025-10-10
LPN-0000190,500189,12095,DEL-000096,STAGED,,UPS,201,301,MEMPHIS_DC,700022,ITEM-00111,155,156,CT,301,VQDHYW,2025-09-29
LPN-0000042,500041,12073,DEL-000074,OP,1Z269812544941699,UPS,201,103,HENDERSONVILLE_SITE,700023,ITEM-00008,150,148,CT,301,CUCVCE,2025-09-13
LPN-0000015,500014,12066,DEL-000067,CL,1Z512995663308681,DHL,201,102,KNOXVILLE_SITE,700024,ITEM-00293,16,16,PK,102,QVUQU3,2025-10-04
LPN-0000173,500172,12006,DEL-000007,IN_TRANSIT,1Z662570209793723,UPS,101,103,HENDERSONVILLE_SITE,700025,ITEM-00185,199,200,BX,301,1FU88B,2025-09-20
LPN-0000114,500113,12085,DEL-000086,CL,,UPS,103,201,FRANKLIN_SITE,700026,ITEM-00210,30,29,BX,301,YVJV7Y,2025-10-07
LPN-0000229,500228,12226,DEL-000227,IN_TRANSIT,1Z267136188488807,USPS,103,103,FRANKLIN_SITE,700027,ITEM-00229,142,143,EA,201,WHSNV5,2025-08-13
LPN-0000004,500003,12124,DEL-000125,CL,1Z868405588906970,DHL,101,102,MEMPHIS_DC,700028,ITEM-00062,71,69,PK,301,L8FY9J,2025-09-28
LPN-0000193,500192,12124,DEL-000125,CL,1Z868405588906970,DHL,101,102,MEMPHIS_DC,700029,ITEM-00032,168,166,CT,103,J1K795,2025-10-12
LPN-0000071,500070,12125,DEL-000126,STAGED,1Z854978734854940,XPO,102,301,KNOXVILLE_SITE,700030,ITEM-00233,143,141,EA,102,47R15X,2025-08-11
LPN-0000157,500156,12001,DEL-000002,IN_TRANSIT,1Z889878018332887,DHL,101,201,KNOXVILLE_SITE,700031,ITEM-00109,141,142,BX,103,41AWNJ,2025-08-31
LPN-0000096,500095,12217,DEL-000218,IN_TRANSIT,1Z498809342692378,DHL,102,301,MEMPHIS_DC,700032,ITEM-00185,119,117,BX,101,4NK34O,2025-09-24
LPN-0000006,500005,12209,DEL-000210,IN_TRANSIT,1Z613377398790729,DHL,301,103,KNOXVILLE_SITE,700033,ITEM-00039,18,17,CT,301,LQXZ2N,2025-10-13
LPN-0000113,500112,12115,DEL-000116,CL,1Z854677788294636,XPO,201,101,KNOXVILLE_SITE,700034,ITEM-00118,7,7,PK,101,X62MAB,2025-10-11
LPN-0000222,500221,12052,DEL-000053,IN_TRANSIT,1Z567692741154444,FedEx,201,201,KNOXVILLE_SITE,700035,ITEM-00018,10,10,CT,103,Z5P1K9,2025-08-12
LPN-0000220,500219,12141,DEL-000142,STAGED,1Z263996255278502,DHL,103,103,KNOXVILLE_SITE,700036,ITEM-00069,84,82,PK,103,GN7MWQ,2025-08-14
LPN-0000113,500112,12100,DEL-000101,STAGED,1Z776628489864860,USPS,103,101,KNOXVILLE_SITE,700037,ITEM-00276,159,157,BX,201,X62MAB,2025-08-16
LPN-0000224,500223,12111,DEL-000112,STAGED,1Z877342308231197,DHL,103,102,NASHVILLE_DC,700038,ITEM-00193,18,18,CT,101,3UIXUV,2025-09-12
LPN-0000085,500084,12007,DEL-000008,IN_TRANSIT,,USPS,103,301,MEMPHIS_DC,700039,ITEM-00257,101,101,CT,103,DHAD0A,2025-08-23
LPN-0000031,500030,12107,DEL-000108,IN_TRANSIT,1Z364324087347012,UPS,301,103,FRANKLIN_SITE,700040,ITEM-00294,33,33,PK,301,78RY2F,2025-10-16
LPN-0000231,500230,12141,DEL-000142,STAGED,1Z263996255278502,DHL,103,103,KNOXVILLE_SITE,700041,ITEM-00082,111,109,CT,102,GJ9J1T,2025-07-30
LPN-0000116,500115,12172,DEL-000173,OP,1Z881112911610446,FedEx,201,201,HENDERSONVILLE_SITE,700042,ITEM-00035,144,145,EA,301,V2GQPO,2025-09-13
LPN-0000025,500024,12208,DEL-000209,IN_TRANSIT,1Z771985196355955,FedEx,101,301,KNOXVILLE_SITE,700043,ITEM-00149,56,56,BX,102,YVBUOI,2025-08-13
LPN-0000103,500102,12178,DEL-000179,STAGED,1Z432976435481987,FedEx,201,201,KNOXVILLE_SITE,700044,ITEM-00159,17,15,BX,103,2LGUZF,2025-09-23
LPN-0000158,500157,12212,DEL-000213,OP,1Z326937583941595,DHL,301,102,KNOXVILLE_SITE,700045,ITEM-00030,190,189,PK,201,HXKEZB,2025-07-06
LPN-0000241,500240,12205,DEL-000206,CL,1Z768384282066558,XPO,103,102,KNOXVILLE_SITE,700046,ITEM-00012,195,194,BX,103,9FKHPT,2025-10-16
LPN-0000197,500196,12053,DEL-000054,STAGED,1Z544965541847866,DHL,201,103,MEMPHIS_DC,700047,ITEM-00106,188,186,CT,102,JRN9R7,2025-10-12
LPN-0000219,500218,12122,DEL-000123,IN_TRANSIT,1Z859862251006856,XPO,103,301,FRANKLIN_SITE,700048,ITEM-00177,77,78,PK,201,HTDGUT,2025-09-25
LPN-0000222,500221,12115,DEL-000116,CL,1Z854677788294636,XPO,201,101,KNOXVILLE_SITE,700049,ITEM-00289,111,112,PK,101,Z5P1K9,2025-10-11
LPN-0000122,500121,12014,DEL-000015,IN_TRANSIT,1Z383596967408789,USPS,201,101,NASHVILLE_DC,700050,ITEM-00139,79,79,PK,201,41SKLL,2025-10-16
LPN-0000083,500082,12009,DEL-000010,STAGED,1Z396206118258705,UPS,201,201,KNOXVILLE_SITE,700051,ITEM-00148,4,2,CT,101,QX5IUE,2025-10-05
LPN-0000070,500069,12024,DEL-000025,IN_TRANSIT,1Z107618644626284,DHL,101,102,MEMPHIS_DC,700052,ITEM-00098,181,181,PK,103,H48S07,2025-09-06
LPN-0000214,500213,12178,DEL-000179,STAGED,1Z432976435481987,FedEx,201,201,KNOXVILLE_SITE,700053,ITEM-00174,50,48,PK,101,9BZZ99,2025-09-25
LPN-0000123,500122,12000,DEL-000001,OP,,DHL,103,201,NASHVILLE_DC,700054,ITEM-00266,75,74,PK,201,4PXCI5,2025-09-26
LPN-0000044,500043,12151,DEL-000152,IN_TRANSIT,1Z356474367136907,FedEx,102,201,KNOXVILLE_SITE,700055,ITEM-00206,122,123,EA,103,WCEUVK,2025-10-15
LPN-0000088,500087,12169,DEL-000170,CL,1Z972610517873484,UPS,301,201,FRANKLIN_SITE,700056,ITEM-00192,176,174,EA,101,FG9OIJ,2025-10-13
LPN-0000091,500090,12097,DEL-000098,IN_TRANSIT,1Z268589999904263,XPO,103,101,FRANKLIN_SITE,700057,ITEM-00166,80,78,PK,102,6KMZBI,2025-10-18
LPN-0000087,500086,12034,DEL-000035,CL,1Z337962411666708,UPS,102,102,FRANKLIN_SITE,700058,ITEM-00178,22,23,PK,102,2O539Y,2025-09-30
LPN-0000080,500079,12022,DEL-000023,IN_TRANSIT,1Z875316691022067,XPO,103,102,FRANKLIN_SITE,700059,ITEM-00079,122,121,EA,201,XQX14A,2025-09-14
LPN-0000234,500233,12122,DEL-000123,IN_TRANSIT,1Z859862251006856,XPO,103,301,FRANKLIN_SITE,700060,ITEM-00074,75,73,PK,301,QQI8PV,2025-09-27
LPN-0000160,500159,12199,DEL-000200,STAGED,1Z853710349083933,UPS,101,101,KNOXVILLE_SITE,700061,ITEM-00095,190,190,CT,102,KSJU00,2025-09-10
LPN-0000188,500187,12048,DEL-000049,IN_TRANSIT,1Z290959487019270,USPS,201,301,FRANKLIN_SITE,700062,ITEM-00159,42,43,CT,101,D3VD9I,2025-08-26
LPN-0000207,500206,12078,DEL-000079,OP,1Z433510379833679,XPO,201,201,FRANKLIN_SITE,700063,ITEM-00232,176,175,PK,102,TNWR58,2025-09-19
LPN-0000057,500056,12013,DEL-000014,IN_TRANSIT,1Z871134455498026,USPS,103,103,HENDERSONVILLE_SITE,700064,ITEM-00242,127,125,CT,301,9RQ94A,2025-09-11
LPN-0000015,500014,12003,DEL-000004,CL,1Z756855567069531,XPO,103,103,KNOXVILLE_SITE,700065,ITEM-00060,92,93,EA,101,QVUQU3,2025-10-06
LPN-0000202,500201,12033,DEL-000034,IN_TRANSIT,1Z580314350277937,XPO,102,101,FRANKLIN_SITE,700066,ITEM-00115,7,5,CT,103,BUV1C5,2025-10-05
LPN-0000192,500191,12019,DEL-000020,STAGED,1Z508870419999138,XPO,301,102,KNOXVILLE_SITE,700067,ITEM-00002,163,163,BX,201,6TL4KT,2025-07-31
LPN-0000048,500047,12177,DEL-000178,OP,1Z746274110038452,USPS,201,101,HENDERSONVILLE_SITE,700068,ITEM-00246,102,100,CT,103,V4YXIU,2025-08-17
LPN-0000063,500062,12182,DEL-000183,CL,,XPO,101,101,NASHVILLE_DC,700069,ITEM-00144,45,46,BX,201,CHEP8B,2025-10-18
LPN-0000164,500163,12192,DEL-000193,CL,1Z422934139015955,USPS,301,301,HENDERSONVILLE_SITE,700070,ITEM-00068,157,156,PK,102,7R4OFJ,2025-08-24
LPN-0000161,500160,12046,DEL-000047,IN_TRANSIT,1Z374320728832990,USPS,102,102,FRANKLIN_SITE,700071,ITEM-00034,123,122,EA,102,D261FF,2025-10-07
LPN-0000115,500114,12198,DEL-000199,CL,1Z269267934482762,USPS,101,101,NASHVILLE_DC,700072,ITEM-00294,126,125,CT,103,E3K4HW,2025-10-18
LPN-0000188,500187,12159,DEL-000160,IN_TRANSIT,,XPO,102,301,NASHVILLE_DC,700073,ITEM-00123,83,82,CT,103,D3VD9I,2025-09-08
LPN-0000083,500082,12096,DEL-000097,IN_TRANSIT,,USPS,201,201,FRANKLIN_SITE,700074,ITEM-00070,11,9,EA,103,QX5IUE,2025-09-11
LPN-0000224,500223,12042,DEL-000043,OP,,FedEx,301,301,HENDERSONVILLE_SITE,700075,ITEM-00171,78,76,EA,103,3UIXUV,2025-09-13
LPN-0000192,500191,12037,DEL-000038,OP,1Z879408648374286,UPS,301,201,KNOXVILLE_SITE,700076,ITEM-00165,68,68,EA,103,6TL4KT,2025-09-16
LPN-0000232,500231,12156,DEL-000157,OP,1Z476467248643560,UPS,102,101,HENDERSONVILLE_SITE,700077,ITEM-00217,100,100,PK,103,6CBEQO,2025-08-31
LPN-0000181,500180,12065,DEL-000066,STAGED,1Z563062161734733,DHL,301,101,HENDERSONVILLE_SITE,700078,ITEM-00131,120,120,CT,103,89TMU9,2025-09-05
LPN-0000175,500174,12095,DEL-000096,STAGED,,UPS,201,301,MEMPHIS_DC,700079,ITEM-00215,173,173,PK,201,YXYOS3,2025-09-29
LPN-0000044,500043,12170,DEL-000171,OP,1Z397675081673375,USPS,101,301,FRANKLIN_SITE,700080,ITEM-00170,55,56,CT,101,WCEUVK,2025-10-15
LPN-0000104,500103,12163,DEL-000164,IN_TRANSIT,1Z363759170335923,DHL,201,102,KNOXVILLE_SITE,700081,ITEM-00113,192,193,PK,102,0Y062Z,2025-09-07
LPN-0000246,500245,12058,DEL-000059,CL,1Z997828659193794,FedEx,301,102,HENDERSONVILLE_SITE,700082,ITEM-00160,146,145,CT,103,F86FSY,2025-10-11
LPN-0000098,500097,12064,DEL-000065,STAGED,1Z213055583280028,FedEx,201,102,NASHVILLE_DC,700083,ITEM-00134,154,153,CT,201,ISC5UO,2025-10-13
LPN-0000145,500144,12064,DEL-000065,STAGED,1Z213055583280028,FedEx,201,102,NASHVILLE_DC,700084,ITEM-00164,29,28,EA,101,RFNYJW,2025-09-02
LPN-0000056,500055,12000,DEL-000001,OP,,DHL,103,201,NASHVILLE_DC,700085,ITEM-00113,139,138,PK,101,V8AUP7,2025-09-26
LPN-0000131,500130,12062,DEL-000063,CL,,DHL,103,201,MEMPHIS_DC,700086,ITEM-00127,190,190,BX,101,5QTOCM,2025-07-26
LPN-0000113,500112,12021,DEL-000022,CL,1Z339496287361032,USPS,301,301,NASHVILLE_DC,700087,ITEM-00185,142,141,CT,101,X62MAB,2025-09-14
LPN-0000099,500098,12007,DEL-000008,IN_TRANSIT,,USPS,103,301,MEMPHIS_DC,700088,ITEM-00206,17,17,EA,103,4KZ2VI,2025-08-21
LPN-0000065,500064,12208,DEL-000209,IN_TRANSIT,1Z771985196355955,FedEx,101,301,KNOXVILLE_SITE,700089,ITEM-00130,155,154,EA,201,6HV04S,2025-09-25
LPN-0000031,500030,12094,DEL-000095,STAGED,1Z513336069077076,USPS,102,301,KNOXVILLE_SITE,700090,ITEM-00245,60,61,EA,101,78RY2F,2025-10-18
LPN-0000186,500185,12160,DEL-000161,STAGED,1Z719796827393177,FedEx,102,101,FRANKLIN_SITE,700091,ITEM-00270,48,47,EA,301,2JC5JJ,2025-09-29
LPN-0000174,500173,12051,DEL-000052,OP,1Z803784164840089,USPS,201,103,KNOXVILLE_SITE,700092,ITEM-00290,103,102,CT,102,OSW0ZI,2025-09-04
LPN-0000195,500194,12155,DEL-000156,STAGED,1Z424241708989860,USPS,201,301,KNOXVILLE_SITE,700093,ITEM-00184,19,20,PK,102,KLNOZM,2025-10-10
LPN-0000221,500220,12171,DEL-000172,OP,,FedEx,103,102,NASHVILLE_DC,700094,ITEM-00263,195,194,BX,102,EWGBX1,2025-08-26
LPN-0000232,500231,12030,DEL-000031,IN_TRANSIT,1Z613096892835990,DHL,301,101,FRANKLIN_SITE,700095,ITEM-00167,114,113,CT,101,6CBEQO,2025-10-17
LPN-0000029,500028,12150,DEL-000151,STAGED,1Z155263180348354,XPO,103,201,KNOXVILLE_SITE,700096,ITEM-00132,102,100,BX,103,OS7J9D,2025-10-07
LPN-0000198,500197,12115,DEL-000116,CL,1Z854677788294636,XPO,201,101,KNOXVILLE_SITE,700097,ITEM-00052,184,182,BX,201,VGBYBP,2025-10-11
LPN-0000041,500040,12201,DEL-000202,CL,1Z143908205335338,USPS,301,201,FRANKLIN_SITE,700098,ITEM-00032,80,80,PK,301,I4DIXJ,2025-09-10
LPN-0000029,500028,12037,DEL-000038,OP,1Z879408648374286,UPS,301,201,KNOXVILLE_SITE,700099,ITEM-00298,156,155,BX,103,OS7J9D,2025-10-07
LPN-0000067,500066,12195,DEL-000196,OP,,XPO,301,101,MEMPHIS_DC,700100,ITEM-00077,138,139,CT,103,VIUSRZ,2025-08-20
LPN-0000081,500080,12076,DEL-000077,STAGED,1Z652106689793403,FedEx,103,101,FRANKLIN_SITE,700101,ITEM-00297,74,72,PK,102,YP1H0V,2025-10-11
LPN-0000115,500114,12069,DEL-000070,IN_TRANSIT,1Z477578532589541,UPS,201,102,KNOXVILLE_SITE,700102,ITEM-00288,168,166,PK,101,E3K4HW,2025-10-17
LPN-0000067,500066,12138,DEL-000139,CL,1Z413417267961130,FedEx,301,201,KNOXVILLE_SITE,700103,ITEM-00064,3,3,PK,103,VIUSRZ,2025-08-15
LPN-0000234,500233,12185,DEL-000186,STAGED,1Z129837072684348,USPS,103,201,NASHVILLE_DC,700104,ITEM-00204,68,69,BX,201,QQI8PV,2025-09-27
LPN-0000186,500185,12133,DEL-000134,CL,1Z350675192497165,FedEx,102,101,MEMPHIS_DC,700105,ITEM-00140,61,61,BX,102,2JC5JJ,2025-09-10
LPN-0000249,500248,12121,DEL-000122,IN_TRANSIT,,DHL,103,201,FRANKLIN_SITE,700106,ITEM-00093,166,164,BX,102,DXM0DB,2025-09-24
LPN-0000187,500186,12194,DEL-000195,STAGED,1Z330545239574679,FedEx,103,102,NASHVILLE_DC,700107,ITEM-00268,40,38,PK,301,IFUISQ,2025-09-13
LPN-0000248,500247,12162,DEL-000163,STAGED,,XPO,201,301,HENDERSONVILLE_SITE,700108,ITEM-00069,95,96,CT,301,DJP76D,2025-09-29
LPN-0000025,500024,12051,DEL-000052,OP,1Z803784164840089,USPS,201,103,KNOXVILLE_SITE,700109,ITEM-00258,87,87,BX,101,YVBUOI,2025-08-20
LPN-0000157,500156,12175,DEL-000176,STAGED,1Z842786044560885,FedEx,102,102,KNOXVILLE_SITE,700110,ITEM-00258,190,189,EA,103,41AWNJ,2025-08-09
LPN-0000111,500110,12114,DEL-000115,OP,1Z958314597685933,XPO,101,102,FRANKLIN_SITE,700111,ITEM-00295,146,144,PK,102,ZV6APX,2025-07-12
LPN-0000206,500205,12216,DEL-000217,STAGED,1Z710788784580008,DHL,102,103,NASHVILLE_DC,700112,ITEM-00108,55,53,EA,201,GIV25K,2025-10-06
LPN-0000016,500015,12169,DEL-000170,CL,1Z972610517873484,UPS,301,201,FRANKLIN_SITE,700113,ITEM-00294,46,46,PK,103,TDTGWP,2025-09-03
LPN-0000155,500154,12085,DEL-000086,CL,,UPS,103,201,FRANKLIN_SITE,700114,ITEM-00180,163,162,CT,301,NH36C2,2025-09-22
LPN-0000113,500112,12116,DEL-000117,OP,,USPS,101,301,HENDERSONVILLE_SITE,700115,ITEM-00296,67,68,EA,101,X62MAB,2025-09-22
LPN-0000163,500162,12023,DEL-000024,STAGED,1Z626868092480858,XPO,201,103,KNOXVILLE_SITE,700116,ITEM-00060,30,30,BX,103,3IMMZT,2025-10-17
LPN-0000133,500132,12145,DEL-000146,OP,1Z623482911044949,DHL,102,102,HENDERSONVILLE_SITE,700117,ITEM-00029,89,88,PK,201,340GWO,2025-10-07
LPN-0000071,500070,12081,DEL-000082,IN_TRANSIT,1Z846916462102059,FedEx,103,201,KNOXVILLE_SITE,700118,ITEM-00202,169,167,CT,301,47R15X,2025-08-29
LPN-0000106,500105,12162,DEL-000163,STAGED,,XPO,201,301,HENDERSONVILLE_SITE,700119,ITEM-00274,56,54,PK,101,LFXCGN,2025-09-29
LPN-0000018,500017,12170,DEL-000171,OP,1Z397675081673375,USPS,101,301,FRANKLIN_SITE,700120,ITEM-00048,144,144,CT,301,1GH2HA,2025-09-21
LPN-0000220,500219,12163,DEL-000164,IN_TRANSIT,1Z363759170335923,DHL,201,102,KNOXVILLE_SITE,700121,ITEM-00126,135,134,CT,102,GN7MWQ,2025-08-22
LPN-0000013,500012,12042,DEL-000043,OP,,FedEx,301,301,HENDERSONVILLE_SITE,700122,ITEM-00054,107,108,PK,102,VK2Q3S,2025-09-27
LPN-0000066,500065,12012,DEL-000013,IN_TRANSIT,1Z583773435068471,USPS,102,101,FRANKLIN_SITE,700123,ITEM-00095,4,5,CT,102,WCZ0DZ,2025-10-16
LPN-0000140,500139,12032,DEL-000033,CL,1Z950101791434484,USPS,102,102,KNOXVILLE_SITE,700124,ITEM-00250,174,173,EA,101,G57KYO,2025-09-11
LPN-0000081,500080,12008,DEL-000009,CL,1Z987690128780242,USPS,101,201,FRANKLIN_SITE,700125,ITEM-00046,114,113,EA,101,YP1H0V,2025-08-20
LPN-0000059,500058,12184,DEL-000185,STAGED,1Z424717703468880,FedEx,103,301,MEMPHIS_DC,700126,ITEM-00087,174,175,BX,201,UQ57Q4,2025-10-03
LPN-0000199,500198,12064,DEL-000065,STAGED,1Z213055583280028,FedEx,201,102,NASHVILLE_DC,700127,ITEM-00275,189,187,EA,201,EA0NT9,2025-09-07
LPN-0000020,500019,12146,DEL-000147,STAGED,1Z914162332578670,XPO,201,301,FRANKLIN_SITE,700128,ITEM-00242,38,38,PK,201,94Q7NT,2025-10-05
LPN-0000224,500223,12013,DEL-000014,IN_TRANSIT,1Z871134455498026,USPS,103,103,HENDERSONVILLE_SITE,700129,ITEM-00149,171,172,BX,301,3UIXUV,2025-09-08
LPN-0000200,500199,12112,DEL-000113,STAGED,1Z395015447073906,USPS,101,201,HENDERSONVILLE_SITE,700130,ITEM-00048,193,192,CT,201,U69LOT,2025-10-13
LPN-0000100,500099,12153,DEL-000154,OP,1Z777411259582564,USPS,103,301,HENDERSONVILLE_SITE,700131,ITEM-00046,165,165,CT,301,OYTI1H,2025-09-14
LPN-0000106,500105,12010,DEL-000011,STAGED,1Z723048305070896,XPO,301,301,NASHVILLE_DC,700132,ITEM-00185,125,123,EA,102,LFXCGN,2025-09-13
LPN-0000237,500236,12130,DEL-000131,OP,,XPO,102,201,NASHVILLE_DC,700133,ITEM-00117,116,117,CT,301,MMNW7M,2025-10-07
LPN-0000064,500063,12178,DEL-000179,STAGED,1Z432976435481987,FedEx,201,201,KNOXVILLE_SITE,700134,ITEM-00100,197,196,BX,102,2LL3HM,2025-09-13
LPN-0000015,500014,12222,DEL-000223,STAGED,1Z160658574108018,USPS,103,301,NASHVILLE_DC,700135,ITEM-00025,190,191,BX,101,QVUQU3,2025-10-04
LPN-0000142,500141,12126,DEL-000127,OP,,XPO,301,301,NASHVILLE_DC,700136,ITEM-00120,198,197,PK,301,2DE6MQ,2025-10-07
LPN-0000039,500038,12151,DEL-000152,IN_TRANSIT,1Z356474367136907,FedEx,102,201,KNOXVILLE_SITE,700137,ITEM-00119,165,164,EA,103,KXO0BU,2025-09-27
LPN-0000178,500177,12216,DEL-000217,STAGED,1Z710788784580008,DHL,102,103,NASHVILLE_DC,700138,ITEM-00078,118,117,PK,102,KQN11A,2025-10-06
LPN-0000220,500219,12209,DEL-000210,IN_TRANSIT,1Z613377398790729,DHL,301,103,KNOXVILLE_SITE,700139,ITEM-00126,64,64,PK,201,GN7MWQ,2025-08-14
LPN-0000062,500061,12142,DEL-000143,OP,1Z145026970430079,USPS,301,101,HENDERSONVILLE_SITE,700140,ITEM-00063,163,164,BX,103,2ER4NR,2025-10-05
LPN-0000215,500214,12190,DEL-000191,STAGED,1Z514237104590061,UPS,101,201,KNOXVILLE_SITE,700141,ITEM-00285,97,98,CT,101,PPH5PU,2025-10-12
LPN-0000068,500067,12114,DEL-000115,OP,1Z958314597685933,XPO,101,102,FRANKLIN_SITE,700142,ITEM-00128,158,156,PK,201,MA4KGM,2025-09-17
LPN-0000039,500038,12198,DEL-000199,CL,1Z269267934482762,USPS,101,101,NASHVILLE_DC,700143,ITEM-00052,39,40,BX,101,KXO0BU,2025-09-06
LPN-0000175,500174,12158,DEL-000159,IN_TRANSIT,1Z815766789977031,USPS,103,103,FRANKLIN_SITE,700144,ITEM-00064,157,157,BX,101,YXYOS3,2025-09-01
LPN-0000063,500062,12120,DEL-000121,IN_TRANSIT,1Z558209162507250,FedEx,101,301,NASHVILLE_DC,700145,ITEM-00127,73,73,EA,102,CHEP8B,2025-09-12
LPN-0000133,500132,12120,DEL-000121,IN_TRANSIT,1Z558209162507250,FedEx,101,301,NASHVILLE_DC,700146,ITEM-00026,38,37,CT,201,340GWO,2025-09-12
LPN-0000188,500187,12012,DEL-000013,IN_TRANSIT,1Z583773435068471,USPS,102,101,FRANKLIN_SITE,700147,ITEM-00031,78,76,EA,301,D3VD9I,2025-09-25
LPN-0000060,500059,12000,DEL-000001,OP,,DHL,103,201,NASHVILLE_DC,700148,ITEM-00183,112,110,EA,102,5QYPLQ,2025-09-26
LPN-0000056,500055,12217,DEL-000218,IN_TRANSIT,1Z498809342692378,DHL,102,301,MEMPHIS_DC,700149,ITEM-00096,23,21,PK,102,V8AUP7,2025-09-24
LPN-0000236,500235,12064,DEL-000065,STAGED,1Z213055583280028,FedEx,201,102,NASHVILLE_DC,700150,ITEM-00255,13,11,CT,201,F4M129,2025-10-13
LPN-0000162,500161,12010,DEL-000011,STAGED,1Z723048305070896,XPO,301,301,NASHVILLE_DC,700151,ITEM-00014,30,30,BX,301,6G6WXG,2025-09-13
LPN-0000057,500056,12017,DEL-000018,IN_TRANSIT,1Z105207054311470,USPS,103,101,HENDERSONVILLE_SITE,700152,ITEM-00008,100,101,EA,101,9RQ94A,2025-09-11
LPN-0000126,500125,12000,DEL-000001,OP,,DHL,103,201,NASHVILLE_DC,700153,ITEM-00249,154,154,BX,102,O6EEIL,2025-09-26
LPN-0000206,500205,12171,DEL-000172,OP,,FedEx,103,102,NASHVILLE_DC,700154,ITEM-00119,53,51,EA,101,GIV25K,2025-08-23
LPN-0000066,500065,12002,DEL-000003,CL,1Z445035974238833,DHL,301,201,FRANKLIN_SITE,700155,ITEM-00077,110,108,EA,102,WCZ0DZ,2025-07-24
LPN-0000094,500093,12149,DEL-000150,STAGED,1Z681967396651410,XPO,103,101,KNOXVILLE_SITE,700156,ITEM-00277,70,70,PK,201,ARZMB4,2025-09-07
LPN-0000132,500131,12167,DEL-000168,STAGED,1Z277111530825080,UPS,201,301,MEMPHIS_DC,700157,ITEM-00146,161,162,PK,102,YHW7NH,2025-10-14
LPN-0000096,500095,12005,DEL-000006,CL,1Z336353730798237,USPS,103,101,NASHVILLE_DC,700158,ITEM-00031,58,57,PK,102,4NK34O,2025-08-29
LPN-0000177,500176,12073,DEL-000074,OP,1Z269812544941699,UPS,201,103,HENDERSONVILLE_SITE,700159,ITEM-00121,5,3,PK,301,7O69KA,2025-09-13
LPN-0000018,500017,12076,DEL-000077,STAGED,1Z652106689793403,FedEx,103,101,FRANKLIN_SITE,700160,ITEM-00283,44,45,CT,301,1GH2HA,2025-09-21
LPN-0000181,500180,12177,DEL-000178,OP,1Z746274110038452,USPS,201,101,HENDERSONVILLE_SITE,700161,ITEM-00115,19,18,CT,301,89TMU9,2025-08-26
LPN-0000038,500037,12220,DEL-000221,IN_TRANSIT,,XPO,102,201,FRANKLIN_SITE,700162,ITEM-00189,77,75,EA,103,U6EOTF,2025-09-08
LPN-0000005,500004,12186,DEL-000187,CL,1Z741177153725211,DHL,301,301,KNOXVILLE_SITE,700163,ITEM-00062,150,149,EA,301,4DCWXB,2025-08-08
LPN-0000219,500218,12099,DEL-000100,IN_TRANSIT,1Z596598580132303,XPO,101,201,NASHVILLE_DC,700164,ITEM-00208,147,145,BX,101,HTDGUT,2025-07-08
LPN-0000157,500156,12191,DEL-000192,CL,1Z798883027929535,USPS,101,101,HENDERSONVILLE_SITE,700165,ITEM-00199,131,132,PK,103,41AWNJ,2025-09-24
LPN-0000183,500182,12165,DEL-000166,STAGED,1Z605965703465534,XPO,103,201,MEMPHIS_DC,700166,ITEM-00045,98,96,CT,103,5T6CIG,2025-09-20
LPN-0000147,500146,12030,DEL-000031,IN_TRANSIT,1Z613096892835990,DHL,301,101,FRANKLIN_SITE,700167,ITEM-00126,194,193,PK,103,PUDUHP,2025-08-23
LPN-0000083,500082,12200,DEL-000201,STAGED,1Z695385769999288,USPS,103,101,HENDERSONVILLE_SITE,700168,ITEM-00095,76,74,EA,102,QX5IUE,2025-10-18
LPN-0000162,500161,12151,DEL-000152,IN_TRANSIT,1Z356474367136907,FedEx,102,201,KNOXVILLE_SITE,700169,ITEM-00077,172,172,PK,201,6G6WXG,2025-09-30
LPN-0000081,500080,12185,DEL-000186,STAGED,1Z129837072684348,USPS,103,201,NASHVILLE_DC,700170,ITEM-00235,168,168,PK,201,YP1H0V,2025-08-15
LPN-0000081,500080,12079,DEL-000080,OP,1Z579607377206604,UPS,103,201,FRANKLIN_SITE,700171,ITEM-00265,58,56,BX,201,YP1H0V,2025-08-03
LPN-0000004,500003,12120,DEL-000121,IN_TRANSIT,1Z558209162507250,FedEx,101,301,NASHVILLE_DC,700172,ITEM-00054,160,159,PK,301,L8FY9J,2025-10-12
LPN-0000211,500210,12052,DEL-000053,IN_TRANSIT,1Z567692741154444,FedEx,201,201,KNOXVILLE_SITE,700173,ITEM-00211,177,175,BX,101,OB7GRJ,2025-08-04
LPN-0000042,500041,12055,DEL-000056,IN_TRANSIT,1Z871080805244936,FedEx,103,103,HENDERSONVILLE_SITE,700174,ITEM-00004,13,13,EA,101,CUCVCE,2025-09-28
LPN-0000100,500099,12216,DEL-000217,STAGED,1Z710788784580008,DHL,102,103,NASHVILLE_DC,700175,ITEM-00270,175,175,CT,201,OYTI1H,2025-10-12
LPN-0000177,500176,12078,DEL-000079,OP,1Z433510379833679,XPO,201,201,FRANKLIN_SITE,700176,ITEM-00187,142,140,EA,101,7O69KA,2025-08-23
LPN-0000068,500067,12161,DEL-000162,STAGED,1Z111725195012451,XPO,103,201,HENDERSONVILLE_SITE,700177,ITEM-00193,46,44,CT,101,MA4KGM,2025-09-04
LPN-0000082,500081,12146,DEL-000147,STAGED,1Z914162332578670,XPO,201,301,FRANKLIN_SITE,700178,ITEM-00112,179,179,EA,301,20G9EP,2025-10-05
LPN-0000143,500142,12207,DEL-000208,STAGED,1Z797384293633849,FedEx,102,301,NASHVILLE_DC,700179,ITEM-00093,78,78,BX,103,FBQ9VP,2025-08-07
LPN-0000145,500144,12201,DEL-000202,CL,1Z143908205335338,USPS,301,201,FRANKLIN_SITE,700180,ITEM-00040,180,181,BX,301,RFNYJW,2025-09-19
LPN-0000142,500141,12207,DEL-000208,STAGED,1Z797384293633849,FedEx,102,301,NASHVILLE_DC,700181,ITEM-00110,73,73,PK,101,2DE6MQ,2025-08-07
LPN-0000088,500087,12113,DEL-000114,OP,1Z454487615844598,DHL,101,101,MEMPHIS_DC,700182,ITEM-00092,47,48,BX,102,FG9OIJ,2025-10-13
LPN-0000126,500125,12034,DEL-000035,CL,1Z337962411666708,UPS,102,102,FRANKLIN_SITE,700183,ITEM-00274,48,48,PK,102,O6EEIL,2025-09-08
LPN-0000022,500021,12005,DEL-000006,CL,1Z336353730798237,USPS,103,101,NASHVILLE_DC,700184,ITEM-00150,31,29,BX,103,JT1R8Y,2025-09-23
LPN-0000234,500233,12162,DEL-000163,STAGED,,XPO,201,301,HENDERSONVILLE_SITE,700185,ITEM-00091,123,121,CT,201,QQI8PV,2025-09-29
LPN-0000178,500177,12142,DEL-000143,OP,1Z145026970430079,USPS,301,101,HENDERSONVILLE_SITE,700186,ITEM-00240,84,83,CT,301,KQN11A,2025-09-15
LPN-0000178,500177,12105,DEL-000106,OP,,USPS,301,201,FRANKLIN_SITE,700187,ITEM-00266,121,121,PK,301,KQN11A,2025-09-19
LPN-0000168,500167,12203,DEL-000204,IN_TRANSIT,1Z302158224604312,XPO,103,301,FRANKLIN_SITE,700188,ITEM-00297,68,69,BX,102,FZ7CEX,2025-10-15
LPN-0000212,500211,12164,DEL-000165,STAGED,,USPS,201,201,HENDERSONVILLE_SITE,700189,ITEM-00029,131,130,PK,102,TRGTUR,2025-07-13
LPN-0000099,500098,12038,DEL-000039,OP,,DHL,201,101,FRANKLIN_SITE,700190,ITEM-00250,172,173,BX,101,4KZ2VI,2025-09-04
LPN-0000018,500017,12215,DEL-000216,CL,1Z219938990413087,FedEx,101,101,KNOXVILLE_SITE,700191,ITEM-00146,101,100,EA,301,1GH2HA,2025-09-21
LPN-0000080,500079,12012,DEL-000013,IN_TRANSIT,1Z583773435068471,USPS,102,101,FRANKLIN_SITE,700192,ITEM-00078,80,80,PK,301,XQX14A,2025-09-14
LPN-0000100,500099,12061,DEL-000062,CL,1Z387966901513038,XPO,301,103,MEMPHIS_DC,700193,ITEM-00099,168,167,BX,103,OYTI1H,2025-09-30
LPN-0000182,500181,12093,DEL-000094,STAGED,1Z856932341879914,XPO,102,102,MEMPHIS_DC,700194,ITEM-00223,185,183,EA,201,PYASL4,2025-10-06
LPN-0000190,500189,12105,DEL-000106,OP,,USPS,301,201,FRANKLIN_SITE,700195,ITEM-00162,188,186,BX,101,VQDHYW,2025-09-18
LPN-0000001,500000,12117,DEL-000118,CL,1Z583458891752529,FedEx,301,201,KNOXVILLE_SITE,700196,ITEM-00126,174,174,EA,101,BOVI73,2025-09-10
LPN-0000137,500136,12100,DEL-000101,STAGED,1Z776628489864860,USPS,103,101,KNOXVILLE_SITE,700197,ITEM-00015,101,99,EA,103,59W2GQ,2025-08-16
LPN-0000093,500092,12146,DEL-000147,STAGED,1Z914162332578670,XPO,201,301,FRANKLIN_SITE,700198,ITEM-00252,29,27,EA,102,649KIN,2025-10-05
LPN-0000026,500025,12035,DEL-000036,CL,1Z379415386941921,UPS,103,103,MEMPHIS_DC,700199,ITEM-00044,109,110,EA,201,Z42EWB,2025-07-11
LPN-0000015,500014,12204,DEL-000205,OP,1Z888196187696182,USPS,101,101,HENDERSONVILLE_SITE,700200,ITEM-00050,87,88,EA,101,QVUQU3,2025-10-04
LPN-0000098,500097,12183,DEL-000184,IN_TRANSIT,,XPO,101,201,MEMPHIS_DC,700201,ITEM-00218,152,152,PK,301,ISC5UO,2025-10-01
LPN-0000040,500039,12099,DEL-000100,IN_TRANSIT,1Z596598580132303,XPO,101,201,NASHVILLE_DC,700202,ITEM-00156,34,35,BX,201,P5KJ0A,2025-09-10
LPN-0000101,500100,12058,DEL-000059,CL,1Z997828659193794,FedEx,301,102,HENDERSONVILLE_SITE,700203,ITEM-00038,115,116,BX,102,YRGQK5,2025-10-07
LPN-0000107,500106,12021,DEL-000022,CL,1Z339496287361032,USPS,301,301,NASHVILLE_DC,700204,ITEM-00288,1,0,EA,101,0AQZTB,2025-09-03
LPN-0000085,500084,12185,DEL-000186,STAGED,1Z129837072684348,USPS,103,201,NASHVILLE_DC,700205,ITEM-00064,103,101,CT,301,DHAD0A,2025-09-09
LPN-0000217,500216,12135,DEL-000136,CL,1Z834414226351563,FedEx,103,201,MEMPHIS_DC,700206,ITEM-00046,192,190,CT,301,YMND9D,2025-10-10
LPN-0000116,500115,12130,DEL-000131,OP,,XPO,102,201,NASHVILLE_DC,700207,ITEM-00039,122,120,CT,101,V2GQPO,2025-09-16
LPN-0000237,500236,12216,DEL-000217,STAGED,1Z710788784580008,DHL,102,103,NASHVILLE_DC,700208,ITEM-00176,173,174,CT,101,MMNW7M,2025-10-07
LPN-0000204,500203,12194,DEL-000195,STAGED,1Z330545239574679,FedEx,103,102,NASHVILLE_DC,700209,ITEM-00095,97,95,CT,301,7Z2XEK,2025-09-25
LPN-0000213,500212,12128,DEL-000129,IN_TRANSIT,1Z481757399303797,XPO,301,102,HENDERSONVILLE_SITE,700210,ITEM-00130,174,175,EA,101,DGI431,2025-09-30
LPN-0000033,500032,12197,DEL-000198,STAGED,1Z615780966632311,USPS,301,103,KNOXVILLE_SITE,700211,ITEM-00169,34,33,BX,101,1ZG4GL,2025-10-16
LPN-0000023,500022,12071,DEL-000072,IN_TRANSIT,1Z398772905572113,DHL,101,201,HENDERSONVILLE_SITE,700212,ITEM-00190,101,99,BX,103,K4MQVO,2025-07-24
LPN-0000085,500084,12168,DEL-000169,CL,1Z802957708185415,FedEx,301,301,MEMPHIS_DC,700213,ITEM-00050,46,46,PK,301,DHAD0A,2025-08-17
LPN-0000235,500234,12225,DEL-000226,OP,1Z546803918745509,XPO,201,201,HENDERSONVILLE_SITE,700214,ITEM-00099,166,165,CT,103,FKKN7Z,2025-10-14
LPN-0000069,500068,12080,DEL-000081,IN_TRANSIT,1Z282148069158152,UPS,103,102,NASHVILLE_DC,700215,ITEM-00003,57,57,PK,301,ZGRY5X,2025-09-07
LPN-0000122,500121,12207,DEL-000208,STAGED,1Z797384293633849,FedEx,102,301,NASHVILLE_DC,700216,ITEM-00084,112,112,EA,101,41SKLL,2025-08-17
LPN-0000035,500034,12156,DEL-000157,OP,1Z476467248643560,UPS,102,101,HENDERSONVILLE_SITE,700217,ITEM-00255,139,139,EA,102,329ULX,2025-08-14
LPN-0000219,500218,12047,DEL-000048,IN_TRANSIT,,USPS,301,102,MEMPHIS_DC,700218,ITEM-00109,139,138,CT,103,HTDGUT,2025-09-14
LPN-0000139,500138,12025,DEL-000026,STAGED,1Z507993305090205,USPS,101,201,FRANKLIN_SITE,700219,ITEM-00150,25,23,EA,301,GD1ZRU,2025-10-08
LPN-0000105,500104,12105,DEL-000106,OP,,USPS,301,201,FRANKLIN_SITE,700220,ITEM-00262,17,15,CT,201,FYTD9F,2025-09-19
LPN-0000039,500038,12210,DEL-000211,IN_TRANSIT,1Z956684516870226,FedEx,101,103,FRANKLIN_SITE,700221,ITEM-00233,97,98,EA,101,KXO0BU,2025-09-15
LPN-0000059,500058,12224,DEL-000225,STAGED,1Z533183295133745,FedEx,201,301,HENDERSONVILLE_SITE,700222,ITEM-00082,186,187,CT,301,UQ57Q4,2025-10-03
LPN-0000115,500114,12050,DEL-000051,CL,,DHL,102,301,FRANKLIN_SITE,700223,ITEM-00076,159,158,BX,101,E3K4HW,2025-10-17
LPN-0000155,500154,12196,DEL-000197,CL,1Z332262538672132,UPS,101,201,KNOXVILLE_SITE,700224,ITEM-00035,103,104,EA,201,NH36C2,2025-08-21
LPN-0000103,500102,12150,DEL-000151,STAGED,1Z155263180348354,XPO,103,201,KNOXVILLE_SITE,700225,ITEM-00058,86,87,CT,201,2LGUZF,2025-09-19
LPN-0000080,500079,12197,DEL-000198,STAGED,1Z615780966632311,USPS,301,103,KNOXVILLE_SITE,700226,ITEM-00037,186,186,EA,201,XQX14A,2025-09-15
LPN-0000173,500172,12177,DEL-000178,OP,1Z746274110038452,USPS,201,101,HENDERSONVILLE_SITE,700227,ITEM-00115,107,108,PK,201,1FU88B,2025-09-20
LPN-0000117,500116,12107,DEL-000108,IN_TRANSIT,1Z364324087347012,UPS,301,103,FRANKLIN_SITE,700228,ITEM-00003,176,174,EA,301,TVTV4A,2025-10-15
LPN-0000112,500111,12166,DEL-000167,IN_TRANSIT,,UPS,102,101,MEMPHIS_DC,700229,ITEM-00274,128,129,PK,103,KJK0Y2,2025-07-30
LPN-0000171,500170,12067,DEL-000068,STAGED,1Z652733727548555,DHL,101,102,KNOXVILLE_SITE,700230,ITEM-00155,41,42,CT,101,2WUSH8,2025-10-17
LPN-0000138,500137,12143,DEL-000144,OP,1Z510890186792540,FedEx,102,101,KNOXVILLE_SITE,700231,ITEM-00223,69,67,CT,201,WS0Q1O,2025-09-14
LPN-0000101,500100,12118,DEL-000119,IN_TRANSIT,1Z114938883276814,XPO,102,301,FRANKLIN_SITE,700232,ITEM-00040,115,113,BX,301,YRGQK5,2025-08-27
LPN-0000076,500075,12012,DEL-000013,IN_TRANSIT,1Z583773435068471,USPS,102,101,FRANKLIN_SITE,700233,ITEM-00243,87,87,EA,103,YGFZT4,2025-09-26
LPN-0000001,500000,12031,DEL-000032,IN_TRANSIT,1Z505834044882813,USPS,101,201,HENDERSONVILLE_SITE,700234,ITEM-00139,39,37,BX,101,BOVI73,2025-10-18
LPN-0000092,500091,12005,DEL-000006,CL,1Z336353730798237,USPS,103,101,NASHVILLE_DC,700235,ITEM-00216,160,158,EA,201,L4LFN9,2025-08-29
LPN-0000087,500086,12204,DEL-000205,OP,1Z888196187696182,USPS,101,101,HENDERSONVILLE_SITE,700236,ITEM-00215,64,62,CT,101,2O539Y,2025-09-30
LPN-0000002,500001,12142,DEL-000143,OP,1Z145026970430079,USPS,301,101,HENDERSONVILLE_SITE,700237,ITEM-00081,53,53,BX,103,O0H81X,2025-09-05
LPN-0000179,500178,12129,DEL-000130,CL,,FedEx,102,101,MEMPHIS_DC,700238,ITEM-00167,160,159,PK,201,HY2HD8,2025-10-12
LPN-0000139,500138,12220,DEL-000221,IN_TRANSIT,,XPO,102,201,FRANKLIN_SITE,700239,ITEM-00244,127,125,CT,103,GD1ZRU,2025-09-08
LPN-0000135,500134,12088,DEL-000089,CL,1Z166980306558880,XPO,301,102,MEMPHIS_DC,700240,ITEM-00129,99,98,BX,101,6FMZBH,2025-10-15
LPN-0000122,500121,12199,DEL-000200,STAGED,1Z853710349083933,UPS,101,101,KNOXVILLE_SITE,700241,ITEM-00171,61,59,EA,201,41SKLL,2025-09-20
LPN-0000003,500002,12203,DEL-000204,IN_TRANSIT,1Z302158224604312,XPO,103,301,FRANKLIN_SITE,700242,ITEM-00070,193,194,EA,101,TG8PJM,2025-10-08
LPN-0000025,500024,12080,DEL-000081,IN_TRANSIT,1Z282148069158152,UPS,103,102,NASHVILLE_DC,700243,ITEM-00295,90,90,PK,101,YVBUOI,2025-08-13
LPN-0000081,500080,12210,DEL-000211,IN_TRANSIT,1Z956684516870226,FedEx,101,103,FRANKLIN_SITE,700244,ITEM-00054,67,66,CT,101,YP1H0V,2025-09-06
LPN-0000016,500015,12154,DEL-000155,STAGED,1Z663272197069052,DHL,103,301,NASHVILLE_DC,700245,ITEM-00105,37,37,CT,103,TDTGWP,2025-10-10
LPN-0000062,500061,12185,DEL-000186,STAGED,1Z129837072684348,USPS,103,201,NASHVILLE_DC,700246,ITEM-00100,99,98,BX,301,2ER4NR,2025-09-22
LPN-0000050,500049,12134,DEL-000135,OP,1Z506355110526343,FedEx,102,201,NASHVILLE_DC,700247,ITEM-00149,18,18,CT,301,O3260T,2025-09-16
LPN-0000134,500133,12127,DEL-000128,OP,,XPO,301,201,FRANKLIN_SITE,700248,ITEM-00293,146,146,EA,102,JNM1IV,2025-10-11
LPN-0000187,500186,12106,DEL-000107,CL,1Z876281076187800,UPS,301,101,FRANKLIN_SITE,700249,ITEM-00136,197,196,BX,103,IFUISQ,2025-08-20
LPN-0000117,500116,12035,DEL-000036,CL,1Z379415386941921,UPS,103,103,MEMPHIS_DC,700250,ITEM-00246,36,37,BX,102,TVTV4A,2025-07-21
LPN-0000206,500205,12137,DEL-000138,IN_TRANSIT,1Z452464646634228,UPS,101,102,FRANKLIN_SITE,700251,ITEM-00159,138,138,BX,102,GIV25K,2025-08-23
LPN-0000061,500060,12049,DEL-000050,IN_TRANSIT,,XPO,103,102,NASHVILLE_DC,700252,ITEM-00290,38,36,BX,102,H877H5,2025-09-13
LPN-0000109,500108,12061,DEL-000062,CL,1Z387966901513038,XPO,301,103,MEMPHIS_DC,700253,ITEM-00172,171,171,EA,102,JOI1K9,2025-09-30
LPN-0000188,500187,12136,DEL-000137,CL,1Z431827559747611,FedEx,102,103,MEMPHIS_DC,700254,ITEM-00238,73,74,PK,201,D3VD9I,2025-09-03
LPN-0000059,500058,12188,DEL-000189,STAGED,1Z576292076981747,UPS,201,201,FRANKLIN_SITE,700255,ITEM-00115,93,93,PK,102,UQ57Q4,2025-10-03
LPN-0000215,500214,12034,DEL-000035,CL,1Z337962411666708,UPS,102,102,FRANKLIN_SITE,700256,ITEM-00033,192,192,EA,102,PPH5PU,2025-09-08
LPN-0000107,500106,12104,DEL-000105,STAGED,1Z695553458190783,USPS,103,103,MEMPHIS_DC,700257,ITEM-00041,68,69,PK,301,0AQZTB,2025-10-17
LPN-0000200,500199,12060,DEL-000061,CL,1Z737037701564665,USPS,103,301,HENDERSONVILLE_SITE,700258,ITEM-00206,108,106,PK,201,U69LOT,2025-08-30
LPN-0000073,500072,12165,DEL-000166,STAGED,1Z605965703465534,XPO,103,201,MEMPHIS_DC,700259,ITEM-00277,33,34,PK,103,18RT4V,2025-09-23
LPN-0000081,500080,12204,DEL-000205,OP,1Z888196187696182,USPS,101,101,HENDERSONVILLE_SITE,700260,ITEM-00236,68,68,EA,102,YP1H0V,2025-09-26
LPN-0000165,500164,12134,DEL-000135,OP,1Z506355110526343,FedEx,102,201,NASHVILLE_DC,700261,ITEM-00297,68,66,CT,102,Z9FIRJ,2025-09-15
LPN-0000199,500198,12049,DEL-000050,IN_TRANSIT,,XPO,103,102,NASHVILLE_DC,700262,ITEM-00090,108,107,CT,102,EA0NT9,2025-09-07
LPN-0000117,500116,12035,DEL-000036,CL,1Z379415386941921,UPS,103,103,MEMPHIS_DC,700263,ITEM-00118,123,121,PK,201,TVTV4A,2025-07-21
LPN-0000228,500227,12052,DEL-000053,IN_TRANSIT,1Z567692741154444,FedEx,201,201,KNOXVILLE_SITE,700264,ITEM-00280,109,108,CT,201,54O5KE,2025-09-23
LPN-0000236,500235,12041,DEL-000042,OP,,FedEx,101,301,HENDERSONVILLE_SITE,700265,ITEM-00232,120,121,PK,201,F4M129,2025-10-12
LPN-0000194,500193,12037,DEL-000038,OP,1Z879408648374286,UPS,301,201,KNOXVILLE_SITE,700266,ITEM-00237,9,7,BX,301,VTV095,2025-09-16
LPN-0000043,500042,12172,DEL-000173,OP,1Z881112911610446,FedEx,201,201,HENDERSONVILLE_SITE,700267,ITEM-00291,90,91,EA,101,AE45F5,2025-09-01
LPN-0000128,500127,12194,DEL-000195,STAGED,1Z330545239574679,FedEx,103,102,NASHVILLE_DC,700268,ITEM-00278,27,27,CT,301,CQJBI8,2025-09-13
LPN-0000104,500103,12143,DEL-000144,OP,1Z510890186792540,FedEx,102,101,KNOXVILLE_SITE,700269,ITEM-00049,195,193,BX,201,0Y062Z,2025-09-14
LPN-0000093,500092,12193,DEL-000194,CL,1Z433695789010913,USPS,301,101,NASHVILLE_DC,700270,ITEM-00205,147,146,EA,102,649KIN,2025-09-03
LPN-0000069,500068,12164,DEL-000165,STAGED,,USPS,201,201,HENDERSONVILLE_SITE,700271,ITEM-00261,198,196,CT,102,ZGRY5X,2025-09-07
LPN-0000117,500116,12186,DEL-000187,CL,1Z741177153725211,DHL,301,301,KNOXVILLE_SITE,700272,ITEM-00287,187,186,PK,201,TVTV4A,2025-10-16
LPN-0000232,500231,12099,DEL-000100,IN_TRANSIT,1Z596598580132303,XPO,101,201,NASHVILLE_DC,700273,ITEM-00218,52,53,CT,301,6CBEQO,2025-10-01
LPN-0000182,500181,12129,DEL-000130,CL,,FedEx,102,101,MEMPHIS_DC,700274,ITEM-00004,65,63,PK,103,PYASL4,2025-10-06
LPN-0000086,500085,12009,DEL-000010,STAGED,1Z396206118258705,UPS,201,201,KNOXVILLE_SITE,700275,ITEM-00286,106,106,BX,201,7T6JDE,2025-09-05
LPN-0000172,500171,12035,DEL-000036,CL,1Z379415386941921,UPS,103,103,MEMPHIS_DC,700276,ITEM-00248,170,169,PK,103,9JLRQB,2025-09-04
LPN-0000149,500148,12172,DEL-000173,OP,1Z881112911610446,FedEx,201,201,HENDERSONVILLE_SITE,700277,ITEM-00039,196,197,EA,201,7PFVZY,2025-09-25
LPN-0000059,500058,12060,DEL-000061,CL,1Z737037701564665,USPS,103,301,HENDERSONVILLE_SITE,700278,ITEM-00036,91,90,CT,103,UQ57Q4,2025-10-03
LPN-0000132,500131,12174,DEL-000175,IN_TRANSIT,1Z904356863965420,USPS,103,201,FRANKLIN_SITE,700279,ITEM-00237,67,66,BX,103,YHW7NH,2025-08-30
LPN-0000124,500123,12068,DEL-000069,STAGED,,FedEx,201,301,HENDERSONVILLE_SITE,700280,ITEM-00084,88,87,BX,301,HKDM72,2025-09-21
LPN-0000239,500238,12121,DEL-000122,IN_TRANSIT,,DHL,103,201,FRANKLIN_SITE,700281,ITEM-00228,69,68,BX,101,ILCA1T,2025-10-16
LPN-0000009,500008,12139,DEL-000140,OP,1Z595674608254690,FedEx,102,102,HENDERSONVILLE_SITE,700282,ITEM-00025,74,72,PK,301,W5IFFJ,2025-08-06
LPN-0000042,500041,12041,DEL-000042,OP,,FedEx,101,301,HENDERSONVILLE_SITE,700283,ITEM-00241,155,156,CT,201,CUCVCE,2025-10-12
LPN-0000201,500200,12024,DEL-000025,IN_TRANSIT,1Z107618644626284,DHL,101,102,MEMPHIS_DC,700284,ITEM-00251,11,12,BX,301,V5X5WN,2025-09-27
LPN-0000148,500147,12162,DEL-000163,STAGED,,XPO,201,301,HENDERSONVILLE_SITE,700285,ITEM-00015,174,172,CT,301,NPJQPL,2025-10-08
LPN-0000134,500133,12070,DEL-000071,STAGED,1Z502189663703924,USPS,103,103,HENDERSONVILLE_SITE,700286,ITEM-00192,86,86,CT,102,JNM1IV,2025-10-11
LPN-0000041,500040,12212,DEL-000213,OP,1Z326937583941595,DHL,301,102,KNOXVILLE_SITE,700287,ITEM-00148,101,100,EA,103,I4DIXJ,2025-09-10
LPN-0000134,500133,12188,DEL-000189,STAGED,1Z576292076981747,UPS,201,201,FRANKLIN_SITE,700288,ITEM-00296,25,24,EA,301,JNM1IV,2025-10-15
LPN-0000054,500053,12121,DEL-000122,IN_TRANSIT,,DHL,103,201,FRANKLIN_SITE,700289,ITEM-00151,11,11,BX,103,H6R2WP,2025-08-28
LPN-0000191,500190,12176,DEL-000177,OP,,USPS,103,101,MEMPHIS_DC,700290,ITEM-00033,160,161,BX,103,RUN242,2025-08-12
LPN-0000221,500220,12170,DEL-000171,OP,1Z397675081673375,USPS,101,301,FRANKLIN_SITE,700291,ITEM-00056,27,26,PK,101,EWGBX1,2025-10-01
LPN-0000002,500001,12064,DEL-000065,STAGED,1Z213055583280028,FedEx,201,102,NASHVILLE_DC,700292,ITEM-00124,170,169,PK,103,O0H81X,2025-09-16
LPN-0000081,500080,12067,DEL-000068,STAGED,1Z652733727548555,DHL,101,102,KNOXVILLE_SITE,700293,ITEM-00126,106,106,PK,102,YP1H0V,2025-10-12
LPN-0000145,500144,12219,DEL-000220,IN_TRANSIT,1Z324360313490312,XPO,301,201,FRANKLIN_SITE,700294,ITEM-00097,48,47,CT,103,RFNYJW,2025-10-11
LPN-0000100,500099,12061,DEL-000062,CL,1Z387966901513038,XPO,301,103,MEMPHIS_DC,700295,ITEM-00122,6,4,EA,301,OYTI1H,2025-09-30
LPN-0000155,500154,12110,DEL-000111,CL,1Z458764265815779,UPS,101,101,HENDERSONVILLE_SITE,700296,ITEM-00231,162,163,EA,301,NH36C2,2025-10-08
LPN-0000085,500084,12104,DEL-000105,STAGED,1Z695553458190783,USPS,103,103,MEMPHIS_DC,700297,ITEM-00282,191,189,EA,102,DHAD0A,2025-10-17
LPN-0000022,500021,12166,DEL-000167,IN_TRANSIT,,UPS,102,101,MEMPHIS_DC,700298,ITEM-00253,77,76,CT,301,JT1R8Y,2025-09-23
LPN-0000031,500030,12078,DEL-000079,OP,1Z433510379833679,XPO,201,201,FRANKLIN_SITE,700299,ITEM-00191,124,124,PK,301,78RY2F,2025-10-16
LPN-0000050,500049,12175,DEL-000176,STAGED,1Z842786044560885,FedEx,102,102,KNOXVILLE_SITE,700300,ITEM-00032,110,110,PK,201,O3260T,2025-08-01
LPN-0000223,500222,12201,DEL-000202,CL,1Z143908205335338,USPS,301,201,FRANKLIN_SITE,700301,ITEM-00173,196,195,CT,201,YB3I9Y,2025-10-11
LPN-0000114,500113,12104,DEL-000105,STAGED,1Z695553458190783,USPS,103,103,MEMPHIS_DC,700302,ITEM-00023,19,19,BX,101,YVJV7Y,2025-10-17
LPN-0000207,500206,12088,DEL-000089,CL,1Z166980306558880,XPO,301,102,MEMPHIS_DC,700303,ITEM-00134,130,131,EA,201,TNWR58,2025-10-06
LPN-0000135,500134,12161,DEL-000162,STAGED,1Z111725195012451,XPO,103,201,HENDERSONVILLE_SITE,700304,ITEM-00221,12,12,EA,201,6FMZBH,2025-10-13
LPN-0000009,500008,12064,DEL-000065,STAGED,1Z213055583280028,FedEx,201,102,NASHVILLE_DC,700305,ITEM-00206,90,90,CT,201,W5IFFJ,2025-09-02
LPN-0000027,500026,12053,DEL-000054,STAGED,1Z544965541847866,DHL,201,103,MEMPHIS_DC,700306,ITEM-00222,199,199,BX,103,ILERVK,2025-09-13
LPN-0000204,500203,12117,DEL-000118,CL,1Z583458891752529,FedEx,301,201,KNOXVILLE_SITE,700307,ITEM-00078,7,7,EA,102,7Z2XEK,2025-09-06
LPN-0000122,500121,12037,DEL-000038,OP,1Z879408648374286,UPS,301,201,KNOXVILLE_SITE,700308,ITEM-00050,113,111,PK,301,41SKLL,2025-09-16
LPN-0000189,500188,12115,DEL-000116,CL,1Z854677788294636,XPO,201,101,KNOXVILLE_SITE,700309,ITEM-00291,9,10,PK,201,JU15Y8,2025-10-11
LPN-0000072,500071,12179,DEL-000180,IN_TRANSIT,1Z963860472133116,USPS,201,301,FRANKLIN_SITE,700310,ITEM-00187,63,62,BX,101,0XM2O8,2025-10-10
LPN-0000224,500223,12059,DEL-000060,STAGED,1Z866476761052013,FedEx,103,103,KNOXVILLE_SITE,700311,ITEM-00205,77,77,PK,101,3UIXUV,2025-09-08
LPN-0000042,500041,12173,DEL-000174,IN_TRANSIT,1Z651963795905361,USPS,201,101,MEMPHIS_DC,700312,ITEM-00283,142,142,BX,102,CUCVCE,2025-10-16
LPN-0000075,500074,12206,DEL-000207,STAGED,1Z786532903248752,FedEx,102,301,MEMPHIS_DC,700313,ITEM-00150,119,120,PK,301,ZC8ZLG,2025-08-20
LPN-0000125,500124,12221,DEL-000222,CL,1Z847416741595523,UPS,102,201,KNOXVILLE_SITE,700314,ITEM-00093,8,9,EA,103,HFZG79,2025-08-27
LPN-0000075,500074,12215,DEL-000216,CL,1Z219938990413087,FedEx,101,101,KNOXVILLE_SITE,700315,ITEM-00208,55,53,CT,102,ZC8ZLG,2025-09-21
LPN-0000226,500225,12195,DEL-000196,OP,,XPO,301,101,MEMPHIS_DC,700316,ITEM-00125,97,98,CT,102,91AA91,2025-08-20
LPN-0000021,500020,12165,DEL-000166,STAGED,1Z605965703465534,XPO,103,201,MEMPHIS_DC,700317,ITEM-00054,64,65,PK,103,H7TOGX,2025-09-18
LPN-0000084,500083,12077,DEL-000078,CL,1Z247150064166108,XPO,201,103,KNOXVILLE_SITE,700318,ITEM-00132,38,36,CT,301,9Q0G8E,2025-10-02
LPN-0000248,500247,12074,DEL-000075,OP,1Z256468309786338,FedEx,102,101,MEMPHIS_DC,700319,ITEM-00218,30,30,EA,103,DJP76D,2025-07-29
LPN-0000120,500119,12220,DEL-000221,IN_TRANSIT,,XPO,102,201,FRANKLIN_SITE,700320,ITEM-00134,75,76,BX,103,TB6ERI,2025-09-08
LPN-0000007,500006,12198,DEL-000199,CL,1Z269267934482762,USPS,101,101,NASHVILLE_DC,700321,ITEM-00188,63,64,EA,101,OYDAPL,2025-09-06
LPN-0000099,500098,12153,DEL-000154,OP,1Z777411259582564,USPS,103,301,HENDERSONVILLE_SITE,700322,ITEM-00260,19,20,BX,102,4KZ2VI,2025-07-22
LPN-0000106,500105,12035,DEL-000036,CL,1Z379415386941921,UPS,103,103,MEMPHIS_DC,700323,ITEM-00044,94,95,EA,102,LFXCGN,2025-07-11
LPN-0000051,500050,12060,DEL-000061,CL,1Z737037701564665,USPS,103,301,HENDERSONVILLE_SITE,700324,ITEM-00015,48,49,EA,301,BF64ZG,2025-08-31
LPN-0000077,500076,12010,DEL-000011,STAGED,1Z723048305070896,XPO,301,301,NASHVILLE_DC,700325,ITEM-00186,136,137,EA,102,24UCEO,2025-10-05
LPN-0000110,500109,12082,DEL-000083,IN_TRANSIT,1Z640056393811027,USPS,301,102,FRANKLIN_SITE,700326,ITEM-00003,28,28,EA,201,XZIK19,2025-09-18
LPN-0000131,500130,12149,DEL-000150,STAGED,1Z681967396651410,XPO,103,101,KNOXVILLE_SITE,700327,ITEM-00236,17,16,EA,103,5QTOCM,2025-09-07
LPN-0000012,500011,12153,DEL-000154,OP,1Z777411259582564,USPS,103,301,HENDERSONVILLE_SITE,700328,ITEM-00103,126,125,BX,103,BMGKX6,2025-08-15
LPN-0000183,500182,12076,DEL-000077,STAGED,1Z652106689793403,FedEx,103,101,FRANKLIN_SITE,700329,ITEM-00163,30,31,CT,103,5T6CIG,2025-09-10
LPN-0000223,500222,12058,DEL-000059,CL,1Z997828659193794,FedEx,301,102,HENDERSONVILLE_SITE,700330,ITEM-00096,35,33,PK,201,YB3I9Y,2025-08-05
LPN-0000172,500171,12140,DEL-000141,STAGED,1Z970635684430274,USPS,103,101,NASHVILLE_DC,700331,ITEM-00006,45,46,PK,101,9JLRQB,2025-09-22
LPN-0000074,500073,12035,DEL-000036,CL,1Z379415386941921,UPS,103,103,MEMPHIS_DC,700332,ITEM-00046,75,75,CT,201,NKXTR8,2025-10-07
LPN-0000248,500247,12049,DEL-000050,IN_TRANSIT,,XPO,103,102,NASHVILLE_DC,700333,ITEM-00146,44,42,EA,101,DJP76D,2025-10-07
LPN-0000053,500052,12150,DEL-000151,STAGED,1Z155263180348354,XPO,103,201,KNOXVILLE_SITE,700334,ITEM-00115,107,106,CT,101,MEZ4E3,2025-10-15
LPN-0000143,500142,12088,DEL-000089,CL,1Z166980306558880,XPO,301,102,MEMPHIS_DC,700335,ITEM-00156,171,172,EA,101,FBQ9VP,2025-09-04
LPN-0000109,500108,12119,DEL-000120,CL,1Z126458446546022,XPO,102,301,KNOXVILLE_SITE,700336,ITEM-00146,103,102,PK,102,JOI1K9,2025-10-16
LPN-0000059,500058,12058,DEL-000059,CL,1Z997828659193794,FedEx,301,102,HENDERSONVILLE_SITE,700337,ITEM-00242,165,166,BX,301,UQ57Q4,2025-10-03
LPN-0000238,500237,12151,DEL-000152,IN_TRANSIT,1Z356474367136907,FedEx,102,201,KNOXVILLE_SITE,700338,ITEM-00039,77,77,EA,101,GZXZ3J,2025-09-27
LPN-0000034,500033,12007,DEL-000008,IN_TRANSIT,,USPS,103,301,MEMPHIS_DC,700339,ITEM-00089,77,76,PK,103,CISP7F,2025-08-29
LPN-0000249,500248,12177,DEL-000178,OP,1Z746274110038452,USPS,201,101,HENDERSONVILLE_SITE,700340,ITEM-00227,35,35,BX,103,DXM0DB,2025-08-29
LPN-0000228,500227,12133,DEL-000134,CL,1Z350675192497165,FedEx,102,101,MEMPHIS_DC,700341,ITEM-00176,171,172,EA,201,54O5KE,2025-09-23
LPN-0000023,500022,12134,DEL-000135,OP,1Z506355110526343,FedEx,102,201,NASHVILLE_DC,700342,ITEM-00234,175,174,EA,102,K4MQVO,2025-08-29
LPN-0000218,500217,12028,DEL-000029,STAGED,,XPO,201,102,MEMPHIS_DC,700343,ITEM-00111,136,136,CT,102,OT0X7D,2025-10-14
LPN-0000213,500212,12092,DEL-000093,STAGED,1Z265340061711360,XPO,102,301,KNOXVILLE_SITE,700344,ITEM-00003,48,49,BX,301,DGI431,2025-10-18
LPN-0000241,500240,12074,DEL-000075,OP,1Z256468309786338,FedEx,102,101,MEMPHIS_DC,700345,ITEM-00188,189,188,EA,101,9FKHPT,2025-07-25
LPN-0000199,500198,12168,DEL-000169,CL,1Z802957708185415,FedEx,301,301,MEMPHIS_DC,700346,ITEM-00089,183,182,EA,102,EA0NT9,2025-09-07
LPN-0000217,500216,12112,DEL-000113,STAGED,1Z395015447073906,USPS,101,201,HENDERSONVILLE_SITE,700347,ITEM-00123,58,57,CT,101,YMND9D,2025-10-13
LPN-0000145,500144,12026,DEL-000027,OP,1Z272624051106682,FedEx,201,301,HENDERSONVILLE_SITE,700348,ITEM-00246,170,171,CT,102,RFNYJW,2025-08-28
LPN-0000112,500111,12189,DEL-000190,IN_TRANSIT,,DHL,102,201,KNOXVILLE_SITE,700349,ITEM-00032,183,184,BX,301,KJK0Y2,2025-09-23
LPN-0000196,500195,12132,DEL-000133,STAGED,1Z408553176735830,FedEx,301,101,HENDERSONVILLE_SITE,700350,ITEM-00166,31,29,EA,301,LLGXE7,2025-08-21
LPN-0000243,500242,12053,DEL-000054,STAGED,1Z544965541847866,DHL,201,103,MEMPHIS_DC,700351,ITEM-00080,111,112,BX,101,3K55W4,2025-08-25
LPN-0000080,500079,12154,DEL-000155,STAGED,1Z663272197069052,DHL,103,301,NASHVILLE_DC,700352,ITEM-00155,85,83,EA,101,XQX14A,2025-10-10
LPN-0000169,500168,12160,DEL-000161,STAGED,1Z719796827393177,FedEx,102,101,FRANKLIN_SITE,700353,ITEM-00271,35,36,BX,103,LO9W2V,2025-10-17
LPN-0000089,500088,12098,DEL-000099,STAGED,1Z862422143665849,UPS,101,102,NASHVILLE_DC,700354,ITEM-00230,89,88,BX,103,K1ZEKQ,2025-10-13
LPN-0000213,500212,12156,DEL-000157,OP,1Z476467248643560,UPS,102,101,HENDERSONVILLE_SITE,700355,ITEM-00013,120,119,PK,102,DGI431,2025-08-14
LPN-0000204,500203,12175,DEL-000176,STAGED,1Z842786044560885,FedEx,102,102,KNOXVILLE_SITE,700356,ITEM-00021,2,1,PK,301,7Z2XEK,2025-09-22
LPN-0000214,500213,12127,DEL-000128,OP,,XPO,301,201,FRANKLIN_SITE,700357,ITEM-00098,75,74,PK,103,9BZZ99,2025-09-25
LPN-0000004,500003,12013,DEL-000014,IN_TRANSIT,1Z871134455498026,USPS,103,103,HENDERSONVILLE_SITE,700358,ITEM-00277,195,196,PK,301,L8FY9J,2025-07-21
LPN-0000102,500101,12039,DEL-000040,IN_TRANSIT,,UPS,301,301,HENDERSONVILLE_SITE,700359,ITEM-00059,188,186,CT,201,U5QF8O,2025-09-11
LPN-0000027,500026,12023,DEL-000024,STAGED,1Z626868092480858,XPO,201,103,KNOXVILLE_SITE,700360,ITEM-00285,41,41,BX,103,ILERVK,2025-08-13
LPN-0000066,500065,12186,DEL-000187,CL,1Z741177153725211,DHL,301,301,KNOXVILLE_SITE,700361,ITEM-00095,95,94,BX,301,WCZ0DZ,2025-09-03
LPN-0000088,500087,12118,DEL-000119,IN_TRANSIT,1Z114938883276814,XPO,102,301,FRANKLIN_SITE,700362,ITEM-00297,164,163,PK,301,FG9OIJ,2025-10-13
LPN-0000054,500053,12124,DEL-000125,CL,1Z868405588906970,DHL,101,102,MEMPHIS_DC,700363,ITEM-00152,174,175,EA,101,H6R2WP,2025-09-28
LPN-0000020,500019,12191,DEL-000192,CL,1Z798883027929535,USPS,101,101,HENDERSONVILLE_SITE,700364,ITEM-00096,118,117,CT,201,94Q7NT,2025-08-27
LPN-0000238,500237,12083,DEL-000084,STAGED,1Z181558205217058,FedEx,102,102,KNOXVILLE_SITE,700365,ITEM-00065,50,50,CT,101,GZXZ3J,2025-08-22
LPN-0000220,500219,12188,DEL-000189,STAGED,1Z576292076981747,UPS,201,201,FRANKLIN_SITE,700366,ITEM-00279,73,71,BX,301,GN7MWQ,2025-08-15
LPN-0000074,500073,12054,DEL-000055,CL,1Z556498942419617,DHL,101,101,MEMPHIS_DC,700367,ITEM-00152,13,14,EA,101,NKXTR8,2025-10-07
LPN-0000068,500067,12165,DEL-000166,STAGED,1Z605965703465534,XPO,103,201,MEMPHIS_DC,700368,ITEM-00220,52,50,BX,301,MA4KGM,2025-09-18
LPN-0000246,500245,12173,DEL-000174,IN_TRANSIT,1Z651963795905361,USPS,201,101,MEMPHIS_DC,700369,ITEM-00048,138,137,BX,102,F86FSY,2025-10-16
LPN-0000245,500244,12189,DEL-000190,IN_TRANSIT,,DHL,102,201,KNOXVILLE_SITE,700370,ITEM-00230,168,169,CT,201,UJOTVC,2025-09-23
LPN-0000004,500003,12033,DEL-000034,IN_TRANSIT,1Z580314350277937,XPO,102,101,FRANKLIN_SITE,700371,ITEM-00221,172,173,CT,102,L8FY9J,2025-09-12
LPN-0000248,500247,12217,DEL-000218,IN_TRANSIT,1Z498809342692378,DHL,102,301,MEMPHIS_DC,700372,ITEM-00130,95,95,PK,101,DJP76D,2025-09-24
LPN-0000170,500169,12042,DEL-000043,OP,,FedEx,301,301,HENDERSONVILLE_SITE,700373,ITEM-00087,194,193,BX,101,GJTOA2,2025-09-13
LPN-0000085,500084,12095,DEL-000096,STAGED,,UPS,201,301,MEMPHIS_DC,700374,ITEM-00042,169,168,PK,101,DHAD0A,2025-09-29
LPN-0000156,500155,12064,DEL-000065,STAGED,1Z213055583280028,FedEx,201,102,NASHVILLE_DC,700375,ITEM-00231,117,117,PK,101,XFAOSJ,2025-10-05
LPN-0000016,500015,12163,DEL-000164,IN_TRANSIT,1Z363759170335923,DHL,201,102,KNOXVILLE_SITE,700376,ITEM-00207,141,142,CT,102,TDTGWP,2025-09-18
LPN-0000072,500071,12087,DEL-000088,CL,1Z185410700303607,USPS,101,201,NASHVILLE_DC,700377,ITEM-00052,97,97,PK,103,0XM2O8,2025-10-10
LPN-0000082,500081,12104,DEL-000105,STAGED,1Z695553458190783,USPS,103,103,MEMPHIS_DC,700378,ITEM-00264,36,34,EA,301,20G9EP,2025-10-17
LPN-0000172,500171,12076,DEL-000077,STAGED,1Z652106689793403,FedEx,103,101,FRANKLIN_SITE,700379,ITEM-00078,126,125,BX,301,9JLRQB,2025-09-04
LPN-0000192,500191,12091,DEL-000092,OP,1Z150076245053533,UPS,101,301,HENDERSONVILLE_SITE,700380,ITEM-00026,177,178,CT,301,6TL4KT,2025-09-19
LPN-0000129,500128,12217,DEL-000218,IN_TRANSIT,1Z498809342692378,DHL,102,301,MEMPHIS_DC,700381,ITEM-00045,184,182,BX,101,H16W7A,2025-09-24
LPN-0000042,500041,12208,DEL-000209,IN_TRANSIT,1Z771985196355955,FedEx,101,301,KNOXVILLE_SITE,700382,ITEM-00280,65,66,PK,201,CUCVCE,2025-09-08
LPN-0000141,500140,12127,DEL-000128,OP,,XPO,301,201,FRANKLIN_SITE,700383,ITEM-00250,68,66,BX,103,R72UI8,2025-10-16
LPN-0000195,500194,12222,DEL-000223,STAGED,1Z160658574108018,USPS,103,301,NASHVILLE_DC,700384,ITEM-00013,89,88,EA,301,KLNOZM,2025-10-10
LPN-0000216,500215,12209,DEL-000210,IN_TRANSIT,1Z613377398790729,DHL,301,103,KNOXVILLE_SITE,700385,ITEM-00259,32,33,PK,301,XFZY31,2025-09-13
LPN-0000056,500055,12176,DEL-000177,OP,,USPS,103,101,MEMPHIS_DC,700386,ITEM-00200,165,164,PK,101,V8AUP7,2025-10-09
LPN-0000188,500187,12201,DEL-000202,CL,1Z143908205335338,USPS,301,201,FRANKLIN_SITE,700387,ITEM-00287,107,105,CT,201,D3VD9I,2025-09-14
LPN-0000129,500128,12038,DEL-000039,OP,,DHL,201,101,FRANKLIN_SITE,700388,ITEM-00228,116,114,EA,301,H16W7A,2025-09-04
LPN-0000114,500113,12019,DEL-000020,STAGED,1Z508870419999138,XPO,301,102,KNOXVILLE_SITE,700389,ITEM-00204,192,193,BX,201,YVJV7Y,2025-10-15
LPN-0000028,500027,12020,DEL-000021,CL,1Z577313284263309,XPO,102,103,KNOXVILLE_SITE,700390,ITEM-00253,41,41,BX,201,VJN99C,2025-08-19
LPN-0000151,500150,12161,DEL-000162,STAGED,1Z111725195012451,XPO,103,201,HENDERSONVILLE_SITE,700391,ITEM-00085,137,135,CT,103,EAPM7R,2025-09-03
LPN-0000208,500207,12191,DEL-000192,CL,1Z798883027929535,USPS,101,101,HENDERSONVILLE_SITE,700392,ITEM-00122,167,166,PK,102,Z9ZNG2,2025-08-24
LPN-0000172,500171,12106,DEL-000107,CL,1Z876281076187800,UPS,301,101,FRANKLIN_SITE,700393,ITEM-00129,150,149,EA,102,9JLRQB,2025-09-04
LPN-0000030,500029,12101,DEL-000102,CL,1Z430024852058321,UPS,101,301,HENDERSONVILLE_SITE,700394,ITEM-00051,182,181,PK,103,6TMWLQ,2025-08-16
LPN-0000144,500143,12103,DEL-000104,STAGED,1Z357660215810075,FedEx,201,103,FRANKLIN_SITE,700395,ITEM-00032,179,179,BX,201,5BKFQJ,2025-07-28
LPN-0000015,500014,12053,DEL-000054,STAGED,1Z544965541847866,DHL,201,103,MEMPHIS_DC,700396,ITEM-00270,109,107,BX,201,QVUQU3,2025-10-04
LPN-0000181,500180,12080,DEL-000081,IN_TRANSIT,1Z282148069158152,UPS,103,102,NASHVILLE_DC,700397,ITEM-00290,63,63,BX,301,89TMU9,2025-09-03
LPN-0000007,500006,12097,DEL-000098,IN_TRANSIT,1Z268589999904263,XPO,103,101,FRANKLIN_SITE,700398,ITEM-00022,84,85,CT,103,OYDAPL,2025-09-16
LPN-0000203,500202,12216,DEL-000217,STAGED,1Z710788784580008,DHL,102,103,NASHVILLE_DC,700399,ITEM-00262,26,24,BX,103,ZZPUY4,2025-10-06
LPN-0000241,500240,12044,DEL-000045,STAGED,1Z903125111929025,UPS,103,102,MEMPHIS_DC,700400,ITEM-00204,72,70,PK,101,9FKHPT,2025-10-16
LPN-0000186,500185,12145,DEL-000146,OP,1Z623482911044949,DHL,102,102,HENDERSONVILLE_SITE,700401,ITEM-00058,108,108,PK,201,2JC5JJ,2025-10-07
LPN-0000031,500030,12147,DEL-000148,CL,1Z707336359483103,USPS,101,101,HENDERSONVILLE_SITE,700402,ITEM-00054,74,73,EA,201,78RY2F,2025-10-16
LPN-0000212,500211,12107,DEL-000108,IN_TRANSIT,1Z364324087347012,UPS,301,103,FRANKLIN_SITE,700403,ITEM-00040,99,98,BX,101,TRGTUR,2025-10-15
LPN-0000193,500192,12115,DEL-000116,CL,1Z854677788294636,XPO,201,101,KNOXVILLE_SITE,700404,ITEM-00178,149,147,CT,103,J1K795,2025-10-11
LPN-0000142,500141,12028,DEL-000029,STAGED,,XPO,201,102,MEMPHIS_DC,700405,ITEM-00197,63,61,CT,103,2DE6MQ,2025-10-14
LPN-0000085,500084,12177,DEL-000178,OP,1Z746274110038452,USPS,201,101,HENDERSONVILLE_SITE,700406,ITEM-00278,33,32,BX,201,DHAD0A,2025-08-17
LPN-0000053,500052,12161,DEL-000162,STAGED,1Z111725195012451,XPO,103,201,HENDERSONVILLE_SITE,700407,ITEM-00245,194,193,BX,103,MEZ4E3,2025-07-17
LPN-0000028,500027,12093,DEL-000094,STAGED,1Z856932341879914,XPO,102,102,MEMPHIS_DC,700408,ITEM-00139,34,32,EA,102,VJN99C,2025-08-26
LPN-0000239,500238,12083,DEL-000084,STAGED,1Z181558205217058,FedEx,102,102,KNOXVILLE_SITE,700409,ITEM-00238,61,60,BX,101,ILCA1T,2025-09-23
LPN-0000062,500061,12169,DEL-000170,CL,1Z972610517873484,UPS,301,201,FRANKLIN_SITE,700410,ITEM-00166,86,85,EA,301,2ER4NR,2025-09-03
LPN-0000096,500095,12084,DEL-000085,OP,1Z557851816216020,USPS,301,101,KNOXVILLE_SITE,700411,ITEM-00123,141,140,EA,103,4NK34O,2025-10-17
LPN-0000002,500001,12165,DEL-000166,STAGED,1Z605965703465534,XPO,103,201,MEMPHIS_DC,700412,ITEM-00127,5,3,CT,201,O0H81X,2025-09-18
LPN-0000230,500229,12137,DEL-000138,IN_TRANSIT,1Z452464646634228,UPS,101,102,FRANKLIN_SITE,700413,ITEM-00088,153,153,BX,301,XR73FQ,2025-07-11
LPN-0000107,500106,12025,DEL-000026,STAGED,1Z507993305090205,USPS,101,201,FRANKLIN_SITE,700414,ITEM-00247,26,26,CT,102,0AQZTB,2025-09-15
LPN-0000197,500196,12064,DEL-000065,STAGED,1Z213055583280028,FedEx,201,102,NASHVILLE_DC,700415,ITEM-00189,138,138,EA,201,JRN9R7,2025-09-22
LPN-0000241,500240,12066,DEL-000067,CL,1Z512995663308681,DHL,201,102,KNOXVILLE_SITE,700416,ITEM-00076,126,124,CT,102,9FKHPT,2025-09-05
LPN-0000189,500188,12166,DEL-000167,IN_TRANSIT,,UPS,102,101,MEMPHIS_DC,700417,ITEM-00124,16,17,PK,201,JU15Y8,2025-07-30
LPN-0000056,500055,12199,DEL-000200,STAGED,1Z853710349083933,UPS,101,101,KNOXVILLE_SITE,700418,ITEM-00044,126,124,PK,301,V8AUP7,2025-09-22
LPN-0000025,500024,12171,DEL-000172,OP,,FedEx,103,102,NASHVILLE_DC,700419,ITEM-00198,196,197,CT,102,YVBUOI,2025-09-02
LPN-0000101,500100,12076,DEL-000077,STAGED,1Z652106689793403,FedEx,103,101,FRANKLIN_SITE,700420,ITEM-00185,90,91,EA,102,YRGQK5,2025-08-21
LPN-0000212,500211,12207,DEL-000208,STAGED,1Z797384293633849,FedEx,102,301,NASHVILLE_DC,700421,ITEM-00202,175,175,CT,201,TRGTUR,2025-08-07
LPN-0000049,500048,12086,DEL-000087,STAGED,1Z227055623896551,XPO,103,102,FRANKLIN_SITE,700422,ITEM-00242,58,58,CT,301,LG7NAI,2025-10-07
LPN-0000065,500064,12158,DEL-000159,IN_TRANSIT,1Z815766789977031,USPS,103,103,FRANKLIN_SITE,700423,ITEM-00290,47,45,BX,102,6HV04S,2025-09-25
LPN-0000139,500138,12205,DEL-000206,CL,1Z768384282066558,XPO,103,102,KNOXVILLE_SITE,700424,ITEM-00141,140,141,EA,103,GD1ZRU,2025-10-16
LPN-0000129,500128,12094,DEL-000095,STAGED,1Z513336069077076,USPS,102,301,KNOXVILLE_SITE,700425,ITEM-00016,152,150,BX,102,H16W7A,2025-08-29
LPN-0000136,500135,12019,DEL-000020,STAGED,1Z508870419999138,XPO,301,102,KNOXVILLE_SITE,700426,ITEM-00107,25,26,BX,201,4RK2WH,2025-09-11
LPN-0000157,500156,12219,DEL-000220,IN_TRANSIT,1Z324360313490312,XPO,301,201,FRANKLIN_SITE,700427,ITEM-00082,183,184,CT,103,41AWNJ,2025-10-11
LPN-0000214,500213,12036,DEL-000037,IN_TRANSIT,1Z808502286694488,UPS,201,102,KNOXVILLE_SITE,700428,ITEM-00259,113,112,EA,301,9BZZ99,2025-09-17
LPN-0000197,500196,12082,DEL-000083,IN_TRANSIT,1Z640056393811027,USPS,301,102,FRANKLIN_SITE,700429,ITEM-00128,114,113,EA,101,JRN9R7,2025-09-22
LPN-0000143,500142,12085,DEL-000086,CL,,UPS,103,201,FRANKLIN_SITE,700430,ITEM-00254,199,200,EA,102,FBQ9VP,2025-09-22
LPN-0000117,500116,12103,DEL-000104,STAGED,1Z357660215810075,FedEx,201,103,FRANKLIN_SITE,700431,ITEM-00034,51,52,EA,201,TVTV4A,2025-08-22
LPN-0000087,500086,12085,DEL-000086,CL,,UPS,103,201,FRANKLIN_SITE,700432,ITEM-00240,69,67,BX,301,2O539Y,2025-09-30
LPN-0000238,500237,12134,DEL-000135,OP,1Z506355110526343,FedEx,102,201,NASHVILLE_DC,700433,ITEM-00231,154,154,PK,301,GZXZ3J,2025-10-14
LPN-0000161,500160,12178,DEL-000179,STAGED,1Z432976435481987,FedEx,201,201,KNOXVILLE_SITE,700434,ITEM-00178,168,167,CT,102,D261FF,2025-09-01
LPN-0000132,500131,12025,DEL-000026,STAGED,1Z507993305090205,USPS,101,201,FRANKLIN_SITE,700435,ITEM-00242,105,104,EA,201,YHW7NH,2025-09-15
LPN-0000015,500014,12051,DEL-000052,OP,1Z803784164840089,USPS,201,103,KNOXVILLE_SITE,700436,ITEM-00014,35,35,EA,102,QVUQU3,2025-10-04
LPN-0000070,500069,12224,DEL-000225,STAGED,1Z533183295133745,FedEx,201,301,HENDERSONVILLE_SITE,700437,ITEM-00129,31,31,BX,301,H48S07,2025-09-09
LPN-0000006,500005,12175,DEL-000176,STAGED,1Z842786044560885,FedEx,102,102,KNOXVILLE_SITE,700438,ITEM-00176,101,100,PK,101,LQXZ2N,2025-10-13
LPN-0000191,500190,12179,DEL-000180,IN_TRANSIT,1Z963860472133116,USPS,201,301,FRANKLIN_SITE,700439,ITEM-00269,186,185,EA,103,RUN242,2025-10-05
LPN-0000092,500091,12088,DEL-000089,CL,1Z166980306558880,XPO,301,102,MEMPHIS_DC,700440,ITEM-00152,136,137,BX,102,L4LFN9,2025-09-04
LPN-0000003,500002,12092,DEL-000093,STAGED,1Z265340061711360,XPO,102,301,KNOXVILLE_SITE,700441,ITEM-00018,105,106,EA,103,TG8PJM,2025-10-18
LPN-0000249,500248,12224,DEL-000225,STAGED,1Z533183295133745,FedEx,201,301,HENDERSONVILLE_SITE,700442,ITEM-00046,18,18,CT,201,DXM0DB,2025-09-09
LPN-0000065,500064,12132,DEL-000133,STAGED,1Z408553176735830,FedEx,301,101,HENDERSONVILLE_SITE,700443,ITEM-00122,28,29,EA,301,6HV04S,2025-09-25
LPN-0000115,500114,12057,DEL-000058,OP,1Z452587245076179,USPS,103,103,NASHVILLE_DC,700444,ITEM-00194,48,46,CT,301,E3K4HW,2025-10-17
LPN-0000037,500036,12184,DEL-000185,STAGED,1Z424717703468880,FedEx,103,301,MEMPHIS_DC,700445,ITEM-00054,64,64,CT,102,XT94DE,2025-09-18
LPN-0000097,500096,12216,DEL-000217,STAGED,1Z710788784580008,DHL,102,103,NASHVILLE_DC,700446,ITEM-00029,56,56,PK,201,UL8R2N,2025-10-06
LPN-0000202,500201,12206,DEL-000207,STAGED,1Z786532903248752,FedEx,102,301,MEMPHIS_DC,700447,ITEM-00235,190,191,CT,201,BUV1C5,2025-10-06
LPN-0000017,500016,12212,DEL-000213,OP,1Z326937583941595,DHL,301,102,KNOXVILLE_SITE,700448,ITEM-00172,11,12,CT,101,J23XU3,2025-10-01
LPN-0000235,500234,12128,DEL-000129,IN_TRANSIT,1Z481757399303797,XPO,301,102,HENDERSONVILLE_SITE,700449,ITEM-00034,44,44,CT,201,FKKN7Z,2025-09-02
LPN-0000076,500075,12018,DEL-000019,OP,,UPS,102,101,HENDERSONVILLE_SITE,700450,ITEM-00138,39,39,PK,201,YGFZT4,2025-09-05
LPN-0000201,500200,12052,DEL-000053,IN_TRANSIT,1Z567692741154444,FedEx,201,201,KNOXVILLE_SITE,700451,ITEM-00293,170,168,CT,101,V5X5WN,2025-09-27
LPN-0000032,500031,12220,DEL-000221,IN_TRANSIT,,XPO,102,201,FRANKLIN_SITE,700452,ITEM-00186,47,47,EA,201,XRYTC9,2025-10-15
LPN-0000189,500188,12164,DEL-000165,STAGED,,USPS,201,201,HENDERSONVILLE_SITE,700453,ITEM-00284,120,120,PK,301,JU15Y8,2025-08-23
LPN-0000150,500149,12142,DEL-000143,OP,1Z145026970430079,USPS,301,101,HENDERSONVILLE_SITE,700454,ITEM-00142,87,85,CT,101,DW35CB,2025-09-07
LPN-0000148,500147,12131,DEL-000132,IN_TRANSIT,1Z767789304176142,DHL,301,201,NASHVILLE_DC,700455,ITEM-00066,8,7,EA,201,NPJQPL,2025-10-13
