lpn_number,delivery_number,delivery_detail_id,serial_number,asset_tag,requested_by_user_id,creation_date
LPN-0000242,DEL-000222,700000,SNQOZHLPC0,AST-P3A2JG,3JK13Q,2025-10-14
LPN-0000242,DEL-000222,700000,SN2N3BABN3,AST-G9NXC8,3JK13Q,2025-10-14
LPN-0000242,DEL-000222,700000,SNY27TEYTB,AST-79YUSZ,3JK13Q,2025-10-14
LPN-0000242,DEL-000222,700000,SN3BIVYW1W,AST-WUWXRQ,3JK13Q,2025-10-14
LPN-0000242,DEL-000222,700000,SNR4G1G0B5,AST-F2YYXQ,3JK13Q,2025-10-14
LPN-0000160,DEL-000006,700001,SN5TSWGQ2O,AST-XYFRLG,KSJU00,2025-09-15
LPN-0000160,DEL-000006,700001,SNAWPQGVM0,AST-7D9ZAZ,KSJU00,2025-09-15
LPN-0000069,DEL-000179,700002,SN82RXZKCX,AST-KDMQBI,ZGRY5X,2025-09-07
LPN-0000201,DEL-000139,700003,SNIQ6SQ62H,AST-FQXN2I,V5X5WN,2025-09-27
LPN-0000201,DEL-000139,700003,SNGAYY5JBG,AST-K2DOC1,V5X5WN,2025-09-27
LPN-0000214,DEL-000214,700004,SN9BB6A3DJ,AST-4X5PYN,9BZZ99,2025-08-18
LPN-0000214,DEL-000214,700004,SNM3VQKB66,AST-963O2R,9BZZ99,2025-08-18
LPN-0000085,DEL-000031,700005,SNS9YFI5PY,AST-M793OQ,DHAD0A,2025-09-08
LPN-0000085,DEL-000031,700005,SNOGU3FOY3,AST-R9CS87,DHAD0A,2025-09-08
LPN-0000085,DEL-000031,700005,SNGWBGL9I9,AST-GVAC3A,DHAD0A,2025-09-08
LPN-0000247,DEL-000210,700006,SNKERP8LBI,AST-FU9FZJ,UO4HHF,2025-10-02
LPN-0000011,DEL-000128,700007,SNVO7DU11D,AST-05FP0A,Y5MN9Z,2025-10-15
LPN-0000011,DEL-000128,700007,SNSK5PW9UI,AST-X5VCSB,Y5MN9Z,2025-10-15
LPN-0000011,DEL-000128,700007,SNOCYMF3YT,AST-W0815R,Y5MN9Z,2025-10-15
LPN-0000011,DEL-000128,700007,SNS7ORWHWM,AST-95BVBB,Y5MN9Z,2025-10-15
LPN-0000212,DEL-000189,700008,SNDCWAOYDR,AST-9B4MW4,TRGTUR,2025-08-15
LPN-0000212,DEL-000189,700008,SN8EQDSYMW,AST-XA037Q,TRGTUR,2025-08-15
LPN-0000212,DEL-000189,700008,SNKCBMZWIB,AST-GNZVTI,TRGTUR,2025-08-15
LPN-0000212,DEL-000189,700008,SN8MR8P2CA,AST-UD29OZ,TRGTUR,2025-08-15
LPN-0000007,DEL-000042,700009,SNQY2QLWFV,AST-HKCI5Z,OYDAPL,2025-10-12
LPN-0000007,DEL-000042,700009,SNAPG7OH4Y,AST-R5YZKG,OYDAPL,2025-10-12
LPN-0000095,DEL-000142,700010,SN126V2G30,AST-SU2VPZ,UCMSG5,2025-09-30
LPN-0000095,DEL-000142,700010,SNLUR84TU0,AST-MRUTUK,UCMSG5,2025-09-30
LPN-0000205,DEL-000154,700011,SNB0DY7NJW,AST-RROHF6,LAIKXA,2025-07-11
LPN-0000110,DEL-000117,700012,SNJAXRQ8J5,AST-7NG9V2,XZIK19,2025-09-22
LPN-0000110,DEL-000117,700012,SNQIPFXCMD,AST-5SHM4P,XZIK19,2025-09-22
LPN-0000053,DEL-000026,700013,SN8O2EZ8GG,AST-HS2486,MEZ4E3,2025-09-15
LPN-0000117,DEL-000195,700014,SNNZ359UYG,AST-M1UT1M,TVTV4A,2025-09-13
LPN-0000033,DEL-000163,700015,SNM6O74WJL,AST-6EOZ9E,1ZG4GL,2025-09-29
LPN-0000033,DEL-000163,700015,SN80YLX1AL,AST-UNXR3E,1ZG4GL,2025-09-29
LPN-0000033,DEL-000163,700015,SNO5SUI11T,AST-OU4KD6,1ZG4GL,2025-09-29
LPN-0000033,DEL-000163,700015,SNHBCCHMO9,AST-AB7BRH,1ZG4GL,2025-09-29
LPN-0000033,DEL-000209,700016,SNEY08ULZ5,AST-3PFOQT,1ZG4GL,2025-08-12
LPN-0000081,DEL-000076,700017,SN2VI8MBK9,AST-YZU224,YP1H0V,2025-09-24
LPN-0000081,DEL-000076,700017,SNHKJJP56U,AST-6WVFHX,YP1H0V,2025-09-24
LPN-0000081,DEL-000076,700017,SN4K7PM397,AST-6N0I07,YP1H0V,2025-09-24
LPN-0000081,DEL-000076,700017,SN2M95U0QC,AST-NXECLZ,YP1H0V,2025-09-24
LPN-0000163,DEL-000071,700018,SNWVZHL53H,AST-QYDM5Q,3IMMZT,2025-10-03
LPN-0000096,DEL-000184,700019,SNY0XX1E8G,AST-QA9MT6,4NK34O,2025-08-21
LPN-0000096,DEL-000184,700019,SN7JNJ7YNW,AST-XVB21K,4NK34O,2025-08-21
LPN-0000096,DEL-000184,700019,SNG5I5H1M7,AST-WAH8KB,4NK34O,2025-08-21
LPN-0000096,DEL-000184,700019,SNYAV8J044,AST-PKRROR,4NK34O,2025-08-21
LPN-0000096,DEL-000184,700019,SN7COO40EG,AST-8J69GI,4NK34O,2025-08-21
LPN-0000091,DEL-000064,700020,SNR1W0DXSD,AST-RCFIIQ,6KMZBI,2025-10-10
LPN-0000091,DEL-000064,700020,SNCQ539DDU,AST-CZ7TFU,6KMZBI,2025-10-10
LPN-0000124,DEL-000057,700021,SNAV8RKLDW,AST-D9HW4D,HKDM72,2025-10-10
LPN-0000124,DEL-000057,700021,SNEM95X85E,AST-EMES9B,HKDM72,2025-10-10
LPN-0000124,DEL-000057,700021,SNUWCQ9B2D,AST-QBGC89,HKDM72,2025-10-10
LPN-0000190,DEL-000096,700022,SN62O6RO85,AST-SFFD3F,VQDHYW,2025-09-29
LPN-0000190,DEL-000096,700022,SNQM5ZKSHZ,AST-IY01A6,VQDHYW,2025-09-29
LPN-0000190,DEL-000096,700022,SN4ZKIWCHH,AST-9ISEP1,VQDHYW,2025-09-29
LPN-0000042,DEL-000074,700023,SN8W5214LW,AST-RFLZ3P,CUCVCE,2025-09-13
LPN-0000015,DEL-000067,700024,SNZ8U1812N,AST-U4JM96,QVUQU3,2025-10-04
LPN-0000173,DEL-000007,700025,SNIOWVWXD5,AST-Y2U754,1FU88B,2025-09-20
LPN-0000173,DEL-000007,700025,SN040EQW4C,AST-ZR2CIE,1FU88B,2025-09-20
LPN-0000114,DEL-000086,700026,SNFUWP6G9G,AST-QVN5PO,YVJV7Y,2025-10-07
LPN-0000114,DEL-000086,700026,SNTHKQE1XY,AST-ZXES5J,YVJV7Y,2025-10-07
LPN-0000114,DEL-000086,700026,SNFVSWPP25,AST-N1DBN1,YVJV7Y,2025-10-07
LPN-0000229,DEL-000227,700027,SNC0XIH7TM,AST-9T9SEP,WHSNV5,2025-08-13
LPN-0000229,DEL-000227,700027,SNT1GTWR6K,AST-MRJO1G,WHSNV5,2025-08-13
LPN-0000229,DEL-000227,700027,SNZLTVNFL7,AST-BONRL7,WHSNV5,2025-08-13
LPN-0000229,DEL-000227,700027,SNBW6LYCLT,AST-T2IYAM,WHSNV5,2025-08-13
LPN-0000004,DEL-000125,700028,SN6KA7LP6N,AST-F75PLI,L8FY9J,2025-09-28
LPN-0000004,DEL-000125,700028,SNU9TYNHBB,AST-W29LTC,L8FY9J,2025-09-28
LPN-0000193,DEL-000125,700029,SNG7ENEZQC,AST-R8JVOL,J1K795,2025-10-12
LPN-0000193,DEL-000125,700029,SNJP5ZMGAN,AST-6HAH6S,J1K795,2025-10-12
LPN-0000193,DEL-000125,700029,SNZXW1AEDD,AST-RHEAAN,J1K795,2025-10-12
LPN-0000071,DEL-000126,700030,SNEOYRLAOS,AST-2VQ0E6,47R15X,2025-08-11
LPN-0000071,DEL-000126,700030,SNEQ3W16AD,AST-GB76Z7,47R15X,2025-08-11
LPN-0000071,DEL-000126,700030,SNGVXDEQ3X,AST-TBCCJM,47R15X,2025-08-11
LPN-0000157,DEL-000002,700031,SNBFKJACMK,AST-HYF6CA,41AWNJ,2025-08-31
LPN-0000096,DEL-000218,700032,SN7PRF0V7I,AST-1BGEBV,4NK34O,2025-09-24
LPN-0000006,DEL-000210,700033,SNPDI6QHP4,AST-J2VO6K,LQXZ2N,2025-10-13
LPN-0000006,DEL-000210,700033,SN5992K8N1,AST-P93VUA,LQXZ2N,2025-10-13
LPN-0000006,DEL-000210,700033,SN5CQF64KQ,AST-QUM9JO,LQXZ2N,2025-10-13
LPN-0000006,DEL-000210,700033,SNHKJAFCJ0,AST-E3XN7Y,LQXZ2N,2025-10-13
LPN-0000113,DEL-000116,700034,SNM885DJVX,AST-DI0DPK,X62MAB,2025-10-11
LPN-0000222,DEL-000053,700035,SNF55Q13L0,AST-Y19DGD,Z5P1K9,2025-08-12
LPN-0000222,DEL-000053,700035,SNN1G4PZ0G,AST-BJJTM3,Z5P1K9,2025-08-12
LPN-0000222,DEL-000053,700035,SN4O7M88QD,AST-7D9P3V,Z5P1K9,2025-08-12
LPN-0000220,DEL-000142,700036,SNJRBUC5GJ,AST-OGNDU5,GN7MWQ,2025-08-14
LPN-0000220,DEL-000142,700036,SNCW98X9HV,AST-AANL8A,GN7MWQ,2025-08-14
LPN-0000113,DEL-000101,700037,SNZMWIW3BW,AST-AIFXYR,X62MAB,2025-08-16
LPN-0000113,DEL-000101,700037,SNSYQBJ8VI,AST-T8YYFB,X62MAB,2025-08-16
LPN-0000113,DEL-000101,700037,SNXTNL9GBF,AST-C4ZSGH,X62MAB,2025-08-16
LPN-0000224,DEL-000112,700038,SNILSW94GO,AST-T6F0VE,3UIXUV,2025-09-12
LPN-0000224,DEL-000112,700038,SNG3B54G1E,AST-VQSLK3,3UIXUV,2025-09-12
LPN-0000085,DEL-000008,700039,SN1EPSE660,AST-GVM311,DHAD0A,2025-08-23
LPN-0000085,DEL-000008,700039,SNOMLHFEL5,AST-VRM3H2,DHAD0A,2025-08-23
LPN-0000085,DEL-000008,700039,SN75MSRGL7,AST-26V33S,DHAD0A,2025-08-23
LPN-0000085,DEL-000008,700039,SNJZBVJMIM,AST-RM1KWL,DHAD0A,2025-08-23
LPN-0000031,DEL-000108,700040,SNTROYNNCP,AST-52Y54Z,78RY2F,2025-10-16
LPN-0000031,DEL-000108,700040,SN11URYWOV,AST-N44NNM,78RY2F,2025-10-16
LPN-0000031,DEL-000108,700040,SNKSMFBK8B,AST-TJLK4L,78RY2F,2025-10-16
LPN-0000031,DEL-000108,700040,SNIRZ16591,AST-1HKFSO,78RY2F,2025-10-16
LPN-0000231,DEL-000142,700041,SN1VMA4WKU,AST-GLI32C,GJ9J1T,2025-07-30
LPN-0000231,DEL-000142,700041,SNSCYK6UFL,AST-Q01M1U,GJ9J1T,2025-07-30
LPN-0000116,DEL-000173,700042,SN2Y4H6D7G,AST-106LRS,V2GQPO,2025-09-13
LPN-0000116,DEL-000173,700042,SN57R7RFN7,AST-090DJO,V2GQPO,2025-09-13
LPN-0000025,DEL-000209,700043,SN00ECLF0Z,AST-JBKNCT,YVBUOI,2025-08-13
LPN-0000025,DEL-000209,700043,SNAPADD2G5,AST-2FVCLG,YVBUOI,2025-08-13
LPN-0000103,DEL-000179,700044,SNPEY2RYUY,AST-FKFGHO,2LGUZF,2025-09-23
LPN-0000158,DEL-000213,700045,SNW4O6O3OM,AST-2458YB,HXKEZB,2025-07-06
LPN-0000158,DEL-000213,700045,SN2K68FUKN,AST-ZIIQR7,HXKEZB,2025-07-06
LPN-0000158,DEL-000213,700045,SNQK7Q3AVM,AST-DVW5RV,HXKEZB,2025-07-06
LPN-0000158,DEL-000213,700045,SNQPA2J68U,AST-FEQV82,HXKEZB,2025-07-06
LPN-0000158,DEL-000213,700045,SNCZ2BTMDG,AST-9PGOL8,HXKEZB,2025-07-06
LPN-0000241,DEL-000206,700046,SNPHG74T4L,AST-RF2CKP,9FKHPT,2025-10-16
LPN-0000241,DEL-000206,700046,SND3W5BYH8,AST-DFHYO7,9FKHPT,2025-10-16
LPN-0000241,DEL-000206,700046,SNT0VZHVRC,AST-2Q71IW,9FKHPT,2025-10-16
LPN-0000241,DEL-000206,700046,SN3UJCAGX1,AST-UX5VD0,9FKHPT,2025-10-16
LPN-0000241,DEL-000206,700046,SNJJNX16NK,AST-8ZU2K8,9FKHPT,2025-10-16
LPN-0000197,DEL-000054,700047,SN89NQKOET,AST-RP8WAO,JRN9R7,2025-10-12
LPN-0000197,DEL-000054,700047,SN7LZ8KPXQ,AST-8VY6IO,JRN9R7,2025-10-12
LPN-0000197,DEL-000054,700047,SNAJ8N4ONU,AST-P7SBUL,JRN9R7,2025-10-12
LPN-0000197,DEL-000054,700047,SNN3Z4X8ZR,AST-D3P7N7,JRN9R7,2025-10-12
LPN-0000197,DEL-000054,700047,SNXVZ2OJZP,AST-4YJG2A,JRN9R7,2025-10-12
LPN-0000219,DEL-000123,700048,SNAK49Z1RZ,AST-BVN4JX,HTDGUT,2025-09-25
LPN-0000219,DEL-000123,700048,SNXOXAET5T,AST-OS6QTW,HTDGUT,2025-09-25
LPN-0000219,DEL-000123,700048,SNAE8OI6CP,AST-GNUZJJ,HTDGUT,2025-09-25
LPN-0000219,DEL-000123,700048,SNYEX7FA94,AST-1DPKWH,HTDGUT,2025-09-25
LPN-0000219,DEL-000123,700048,SNVSA9SHPS,AST-7XTJL0,HTDGUT,2025-09-25
LPN-0000222,DEL-000116,700049,SNPS5FAMBQ,AST-AC8T40,Z5P1K9,2025-10-11
LPN-0000222,DEL-000116,700049,SNABKL694Y,AST-ILU9OL,Z5P1K9,2025-10-11
LPN-0000222,DEL-000116,700049,SNLYTOLAGN,AST-LBZX0B,Z5P1K9,2025-10-11
LPN-0000222,DEL-000116,700049,SNXPVNIHDK,AST-2835WL,Z5P1K9,2025-10-11
LPN-0000222,DEL-000116,700049,SNKYMPWSEK,AST-BA8B7T,Z5P1K9,2025-10-11
LPN-0000122,DEL-000015,700050,SNSO2O0A9F,AST-J16TFR,41SKLL,2025-10-16
LPN-0000122,DEL-000015,700050,SN19ZTVBES,AST-V4808P,41SKLL,2025-10-16
LPN-0000122,DEL-000015,700050,SN67HXGWQR,AST-Q18BF0,41SKLL,2025-10-16
LPN-0000122,DEL-000015,700050,SNY4NSXH4U,AST-DBIAG1,41SKLL,2025-10-16
LPN-0000122,DEL-000015,700050,SNRGTY8CN6,AST-UIUVK3,41SKLL,2025-10-16
LPN-0000083,DEL-000010,700051,SNVEQMO56C,AST-OEVF6G,QX5IUE,2025-10-05
LPN-0000083,DEL-000010,700051,SNGKZEJ1CX,AST-DQ7YQZ,QX5IUE,2025-10-05
LPN-0000070,DEL-000025,700052,SN3Q08LAYD,AST-6A9HHJ,H48S07,2025-09-06
LPN-0000070,DEL-000025,700052,SN607KXXBN,AST-STH129,H48S07,2025-09-06
LPN-0000070,DEL-000025,700052,SNOXO1H3MH,AST-VX4XVF,H48S07,2025-09-06
LPN-0000070,DEL-000025,700052,SNJK8632H6,AST-2QCSOQ,H48S07,2025-09-06
LPN-0000214,DEL-000179,700053,SNACD1C41H,AST-S31JMA,9BZZ99,2025-09-25
LPN-0000214,DEL-000179,700053,SN4Z67FJVN,AST-X5EM2J,9BZZ99,2025-09-25
LPN-0000214,DEL-000179,700053,SNEQSELE40,AST-5EAQSO,9BZZ99,2025-09-25
LPN-0000214,DEL-000179,700053,SNXPODBUMZ,AST-UNKJBS,9BZZ99,2025-09-25
LPN-0000123,DEL-000001,700054,SN6HFWR07I,AST-9AN944,4PXCI5,2025-09-26
LPN-0000044,DEL-000152,700055,SNSHFC4X2G,AST-B5RZ4L,WCEUVK,2025-10-15
LPN-0000044,DEL-000152,700055,SNFYY6M58O,AST-QQ2QCK,WCEUVK,2025-10-15
LPN-0000088,DEL-000170,700056,SNGIM3BXM2,AST-CWDFLG,FG9OIJ,2025-10-13
LPN-0000088,DEL-000170,700056,SNNGYWJMIT,AST-5C4MP7,FG9OIJ,2025-10-13
LPN-0000088,DEL-000170,700056,SNK5VLT7CP,AST-GQLFZE,FG9OIJ,2025-10-13
LPN-0000088,DEL-000170,700056,SNCD8I9SD0,AST-KM2N5X,FG9OIJ,2025-10-13
LPN-0000088,DEL-000170,700056,SNH83P31FE,AST-OCT104,FG9OIJ,2025-10-13
LPN-0000091,DEL-000098,700057,SNEKZ6IXJA,AST-IB58I6,6KMZBI,2025-10-18
LPN-0000091,DEL-000098,700057,SNQOY88H5Y,AST-8WO9BU,6KMZBI,2025-10-18
LPN-0000091,DEL-000098,700057,SNTAP4IL3Q,AST-7ZSYCP,6KMZBI,2025-10-18
LPN-0000087,DEL-000035,700058,SNQPOLES68,AST-DUA75A,2O539Y,2025-09-30
LPN-0000087,DEL-000035,700058,SNIAP91DCE,AST-2CCXI5,2O539Y,2025-09-30
LPN-0000080,DEL-000023,700059,SNJVM65LX4,AST-Y3OEMT,XQX14A,2025-09-14
LPN-0000080,DEL-000023,700059,SN8R4U2XZ8,AST-RO6ZWQ,XQX14A,2025-09-14
LPN-0000080,DEL-000023,700059,SNASLAGVU1,AST-WJFNOD,XQX14A,2025-09-14
LPN-0000234,DEL-000123,700060,SNAY76ON5R,AST-S31P2Q,QQI8PV,2025-09-27
LPN-0000160,DEL-000200,700061,SNZ2XU7A0D,AST-JUTF5M,KSJU00,2025-09-10
LPN-0000188,DEL-000049,700062,SNOW3O5HSN,AST-21FD5E,D3VD9I,2025-08-26
LPN-0000188,DEL-000049,700062,SN1H1ALIVB,AST-5MSHGO,D3VD9I,2025-08-26
LPN-0000188,DEL-000049,700062,SN2S90IZYJ,AST-HCKQGC,D3VD9I,2025-08-26
LPN-0000188,DEL-000049,700062,SNQHB58IC3,AST-02SNGL,D3VD9I,2025-08-26
LPN-0000188,DEL-000049,700062,SN7V9VDX8G,AST-EJHIZ3,D3VD9I,2025-08-26
LPN-0000207,DEL-000079,700063,SN7L3PHHIH,AST-HF7GPU,TNWR58,2025-09-19
LPN-0000057,DEL-000014,700064,SN3CSMX84E,AST-KNLPCU,9RQ94A,2025-09-11
LPN-0000057,DEL-000014,700064,SNY1NZBX60,AST-SKFN87,9RQ94A,2025-09-11
LPN-0000057,DEL-000014,700064,SNXVRKYRR4,AST-W2QOJA,9RQ94A,2025-09-11
LPN-0000015,DEL-000004,700065,SNI6I4GOSE,AST-ICHH4B,QVUQU3,2025-10-06
LPN-0000015,DEL-000004,700065,SNIM7FH8HI,AST-XGGNA4,QVUQU3,2025-10-06
LPN-0000015,DEL-000004,700065,SNCGGS6ZDP,AST-834LH5,QVUQU3,2025-10-06
LPN-0000202,DEL-000034,700066,SNY2ETC3HS,AST-YAE2Y0,BUV1C5,2025-10-05
LPN-0000202,DEL-000034,700066,SNHVVJT513,AST-7CI1Z1,BUV1C5,2025-10-05
LPN-0000202,DEL-000034,700066,SN39HWVRD7,AST-62HY8U,BUV1C5,2025-10-05
LPN-0000202,DEL-000034,700066,SNSI517386,AST-5O1HU4,BUV1C5,2025-10-05
LPN-0000202,DEL-000034,700066,SNILWPKSME,AST-08SZV1,BUV1C5,2025-10-05
LPN-0000192,DEL-000020,700067,SNKPKHEMR5,AST-62H4TP,6TL4KT,2025-07-31
LPN-0000192,DEL-000020,700067,SNPR2QLAVV,AST-4NPYX5,6TL4KT,2025-07-31
LPN-0000192,DEL-000020,700067,SNMRRT60WD,AST-U48TG2,6TL4KT,2025-07-31
LPN-0000048,DEL-000178,700068,SNM64GE4TB,AST-VGB2U3,V4YXIU,2025-08-17
LPN-0000048,DEL-000178,700068,SNF0QQ9MPX,AST-EF5HWY,V4YXIU,2025-08-17
LPN-0000048,DEL-000178,700068,SNGJLQ7S9D,AST-5MIFDU,V4YXIU,2025-08-17
LPN-0000063,DEL-000183,700069,SNEGWA8I03,AST-HHY44W,CHEP8B,2025-10-18
LPN-0000063,DEL-000183,700069,SNI572XS6H,AST-UEYI6U,CHEP8B,2025-10-18
LPN-0000164,DEL-000193,700070,SNNY3OAOI2,AST-L67LBP,7R4OFJ,2025-08-24
LPN-0000164,DEL-000193,700070,SNH7LZMAFC,AST-94BR7P,7R4OFJ,2025-08-24
LPN-0000161,DEL-000047,700071,SNDHSTEFBD,AST-42PBA7,D261FF,2025-10-07
LPN-0000115,DEL-000199,700072,SNQDNSP4MT,AST-55RNDX,E3K4HW,2025-10-18
LPN-0000115,DEL-000199,700072,SNLQG303X3,AST-VBRCP1,E3K4HW,2025-10-18
LPN-0000188,DEL-000160,700073,SNVX1HIYPE,AST-NL80RU,D3VD9I,2025-09-08
LPN-0000083,DEL-000097,700074,SN44ZN7ROM,AST-4UDY3X,QX5IUE,2025-09-11
LPN-0000083,DEL-000097,700074,SNC9Z2V8RG,AST-8Y8NIU,QX5IUE,2025-09-11
LPN-0000083,DEL-000097,700074,SNGX3A3YF3,AST-AZSUW7,QX5IUE,2025-09-11
LPN-0000224,DEL-000043,700075,SNZHUVSGV1,AST-BE629G,3UIXUV,2025-09-13
LPN-0000224,DEL-000043,700075,SNKPA18GRO,AST-BVCVSV,3UIXUV,2025-09-13
LPN-0000224,DEL-000043,700075,SNGNFOJB0G,AST-G0ORIV,3UIXUV,2025-09-13
LPN-0000192,DEL-000038,700076,SN99PWGMXP,AST-BT3UXP,6TL4KT,2025-09-16
LPN-0000232,DEL-000157,700077,SNMR310W35,AST-WFE9QU,6CBEQO,2025-08-31
LPN-0000232,DEL-000157,700077,SNPQ0ALMZB,AST-G0RH35,6CBEQO,2025-08-31
LPN-0000232,DEL-000157,700077,SN5PTSCEQT,AST-SD1R13,6CBEQO,2025-08-31
LPN-0000232,DEL-000157,700077,SNLQDACC39,AST-5E2KIE,6CBEQO,2025-08-31
LPN-0000232,DEL-000157,700077,SNEDI5OMV9,AST-F46VCW,6CBEQO,2025-08-31
LPN-0000181,DEL-000066,700078,SNTIF6Z4S3,AST-G80YU6,89TMU9,2025-09-05
LPN-0000181,DEL-000066,700078,SNOLZSB936,AST-Y45O7G,89TMU9,2025-09-05
LPN-0000181,DEL-000066,700078,SN4QD5OR14,AST-Y459PN,89TMU9,2025-09-05
LPN-0000181,DEL-000066,700078,SNRC3HG0R9,AST-6XFWK2,89TMU9,2025-09-05
LPN-0000175,DEL-000096,700079,SN8GXURYLD,AST-QIPXBK,YXYOS3,2025-09-29
LPN-0000175,DEL-000096,700079,SNI0GSTKVC,AST-ZFEVNM,YXYOS3,2025-09-29
LPN-0000175,DEL-000096,700079,SNTELYOYWW,AST-TMFJQB,YXYOS3,2025-09-29
LPN-0000175,DEL-000096,700079,SNX02218T1,AST-6HO8LK,YXYOS3,2025-09-29
LPN-0000044,DEL-000171,700080,SNZUVT84GF,AST-1K3CQ4,WCEUVK,2025-10-15
LPN-0000044,DEL-000171,700080,SN68Q5X8RF,AST-SVIDGU,WCEUVK,2025-10-15
LPN-0000104,DEL-000164,700081,SNKOZCKRZI,AST-Q65R82,0Y062Z,2025-09-07
LPN-0000104,DEL-000164,700081,SN5V6R4LJN,AST-PE8HJW,0Y062Z,2025-09-07
LPN-0000104,DEL-000164,700081,SNLL52LYGW,AST-2NA0ZK,0Y062Z,2025-09-07
LPN-0000104,DEL-000164,700081,SNKYAJJPZ7,AST-WPMWY5,0Y062Z,2025-09-07
LPN-0000246,DEL-000059,700082,SNY58442RF,AST-Z7PCUV,F86FSY,2025-10-11
LPN-0000098,DEL-000065,700083,SNGLODMXBR,AST-MBLC8M,ISC5UO,2025-10-13
LPN-0000098,DEL-000065,700083,SNNORHM2SA,AST-PZBU99,ISC5UO,2025-10-13
LPN-0000098,DEL-000065,700083,SNETRSHZ3R,AST-EJXXGT,ISC5UO,2025-10-13
LPN-0000145,DEL-000065,700084,SN9RZKE1DN,AST-A446NA,RFNYJW,2025-09-02
LPN-0000145,DEL-000065,700084,SNCFK4XTJX,AST-YRBW5G,RFNYJW,2025-09-02
LPN-0000145,DEL-000065,700084,SNR02YD2RE,AST-45WPT1,RFNYJW,2025-09-02
LPN-0000145,DEL-000065,700084,SN3VB08WNC,AST-PFWDO9,RFNYJW,2025-09-02
LPN-0000056,DEL-000001,700085,SNZ7HSZWK3,AST-MT9BGL,V8AUP7,2025-09-26
LPN-0000056,DEL-000001,700085,SNR6E75CPT,AST-6JFR3X,V8AUP7,2025-09-26
LPN-0000131,DEL-000063,700086,SNC398L97U,AST-B2GHIN,5QTOCM,2025-07-26
LPN-0000131,DEL-000063,700086,SN9ZP1MWS8,AST-6J22C4,5QTOCM,2025-07-26
LPN-0000131,DEL-000063,700086,SNZ11B8MKI,AST-7IE9N5,5QTOCM,2025-07-26
LPN-0000131,DEL-000063,700086,SNXYN0A9KJ,AST-U5WCI9,5QTOCM,2025-07-26
LPN-0000131,DEL-000063,700086,SNN3BN6AII,AST-TXP9DQ,5QTOCM,2025-07-26
LPN-0000113,DEL-000022,700087,SNZESV9CST,AST-VAVS1W,X62MAB,2025-09-14
LPN-0000113,DEL-000022,700087,SNQICY8QYF,AST-67RFYQ,X62MAB,2025-09-14
LPN-0000113,DEL-000022,700087,SNJD4BF6E6,AST-3RI5JL,X62MAB,2025-09-14
LPN-0000099,DEL-000008,700088,SN15Y9A84V,AST-NOYI5W,4KZ2VI,2025-08-21
LPN-0000065,DEL-000209,700089,SNV6BSOXAR,AST-WPI8T1,6HV04S,2025-09-25
LPN-0000031,DEL-000095,700090,SNN35PKESB,AST-L4N7MC,78RY2F,2025-10-18
LPN-0000031,DEL-000095,700090,SNUI57Z3WM,AST-RGP39W,78RY2F,2025-10-18
LPN-0000031,DEL-000095,700090,SNBNB29HAT,AST-V9ASLF,78RY2F,2025-10-18
LPN-0000031,DEL-000095,700090,SN9BYJ8SWC,AST-BEJSTA,78RY2F,2025-10-18
LPN-0000031,DEL-000095,700090,SNPILCJ3GK,AST-6PKLUS,78RY2F,2025-10-18
LPN-0000186,DEL-000161,700091,SNX5JY3L7S,AST-9IRK9V,2JC5JJ,2025-09-29
LPN-0000186,DEL-000161,700091,SN00EBSTKE,AST-LU6HJO,2JC5JJ,2025-09-29
LPN-0000186,DEL-000161,700091,SN743R2U5L,AST-PCCSK9,2JC5JJ,2025-09-29
LPN-0000186,DEL-000161,700091,SN0GC60AJX,AST-A8AVGO,2JC5JJ,2025-09-29
LPN-0000174,DEL-000052,700092,SNV7VBLQZD,AST-XALJM0,OSW0ZI,2025-09-04
LPN-0000195,DEL-000156,700093,SNXFNQ24QO,AST-IZR4JN,KLNOZM,2025-10-10
LPN-0000195,DEL-000156,700093,SNFXVQZG6U,AST-683NFB,KLNOZM,2025-10-10
LPN-0000195,DEL-000156,700093,SNMM707ZNG,AST-V28M88,KLNOZM,2025-10-10
LPN-0000221,DEL-000172,700094,SNWS5FDO9U,AST-LUXYQ3,EWGBX1,2025-08-26
LPN-0000221,DEL-000172,700094,SN4DVDA0LE,AST-BPVPEQ,EWGBX1,2025-08-26
LPN-0000232,DEL-000031,700095,SN81SXBNIA,AST-13ZLFQ,6CBEQO,2025-10-17
LPN-0000232,DEL-000031,700095,SNAW9CEMV7,AST-8AJ70G,6CBEQO,2025-10-17
LPN-0000232,DEL-000031,700095,SN3LPR4SU3,AST-2MGB1Z,6CBEQO,2025-10-17
LPN-0000029,DEL-000151,700096,SNKDPCVSPO,AST-DV0Z3C,OS7J9D,2025-10-07
LPN-0000198,DEL-000116,700097,SNHAWJ8JDG,AST-NRYYB0,VGBYBP,2025-10-11
LPN-0000198,DEL-000116,700097,SN0AVZKU4N,AST-NOPOFJ,VGBYBP,2025-10-11
LPN-0000198,DEL-000116,700097,SN3FVRJITV,AST-VYC64J,VGBYBP,2025-10-11
LPN-0000041,DEL-000202,700098,SNGUZ3D6TS,AST-ZA4V1M,I4DIXJ,2025-09-10
LPN-0000041,DEL-000202,700098,SNV8621HAD,AST-GD5N8V,I4DIXJ,2025-09-10
LPN-0000041,DEL-000202,700098,SNAX3WSB6Q,AST-U5XQSE,I4DIXJ,2025-09-10
LPN-0000041,DEL-000202,700098,SNPS9CBCR2,AST-RKKYCU,I4DIXJ,2025-09-10
LPN-0000041,DEL-000202,700098,SNKS4ZB84P,AST-IF762O,I4DIXJ,2025-09-10
LPN-0000029,DEL-000038,700099,SNEVNJNELB,AST-OF492Z,OS7J9D,2025-10-07
LPN-0000029,DEL-000038,700099,SNJ6BKSQQL,AST-J16Z5T,OS7J9D,2025-10-07
LPN-0000067,DEL-000196,700100,SNWN4FBIOC,AST-B4SGJX,VIUSRZ,2025-08-20
LPN-0000067,DEL-000196,700100,SN1ITJQS7X,AST-KZ41AC,VIUSRZ,2025-08-20
LPN-0000081,DEL-000077,700101,SNB0MEECLP,AST-FCQ7I5,YP1H0V,2025-10-11
LPN-0000081,DEL-000077,700101,SNOK90CAOY,AST-W5O9IU,YP1H0V,2025-10-11
LPN-0000115,DEL-000070,700102,SNEY0Y8PGL,AST-VW739Y,E3K4HW,2025-10-17
LPN-0000067,DEL-000139,700103,SNVDIW36YQ,AST-VWT8G9,VIUSRZ,2025-08-15
LPN-0000067,DEL-000139,700103,SNH838JW2J,AST-E6SXMU,VIUSRZ,2025-08-15
LPN-0000067,DEL-000139,700103,SNE3ARC9SC,AST-V4TKXW,VIUSRZ,2025-08-15
LPN-0000234,DEL-000186,700104,SNOB0G0E9A,AST-A31FIC,QQI8PV,2025-09-27
LPN-0000234,DEL-000186,700104,SNWSTBSAI6,AST-9RBCQJ,QQI8PV,2025-09-27
LPN-0000186,DEL-000134,700105,SN6NPGH4H9,AST-XKX5GE,2JC5JJ,2025-09-10
LPN-0000186,DEL-000134,700105,SNIRRC6Y0X,AST-1YMUCS,2JC5JJ,2025-09-10
LPN-0000186,DEL-000134,700105,SNE0B7QT3E,AST-LXWFQ1,2JC5JJ,2025-09-10
LPN-0000186,DEL-000134,700105,SNP4E5MPWJ,AST-Z1MB2Y,2JC5JJ,2025-09-10
LPN-0000249,DEL-000122,700106,SN8TW0E1HP,AST-0HE4W5,DXM0DB,2025-09-24
LPN-0000249,DEL-000122,700106,SNUQNCRRRZ,AST-9WGL9R,DXM0DB,2025-09-24
LPN-0000249,DEL-000122,700106,SNFGZ4VIDG,AST-E8I4TY,DXM0DB,2025-09-24
LPN-0000249,DEL-000122,700106,SNFYYAZ00B,AST-R39HC7,DXM0DB,2025-09-24
LPN-0000249,DEL-000122,700106,SNP5T4WAEC,AST-5BMQU6,DXM0DB,2025-09-24
LPN-0000187,DEL-000195,700107,SNPN37DJ1B,AST-2BWUBZ,IFUISQ,2025-09-13
LPN-0000248,DEL-000163,700108,SN7XTE6QC5,AST-3IXQHH,DJP76D,2025-09-29
LPN-0000248,DEL-000163,700108,SNRG2YFVXX,AST-J38X7J,DJP76D,2025-09-29
LPN-0000248,DEL-000163,700108,SNFKTF3ZQS,AST-VQV7SQ,DJP76D,2025-09-29
LPN-0000025,DEL-000052,700109,SNJ9VF3TA6,AST-CXMM1E,YVBUOI,2025-08-20
LPN-0000157,DEL-000176,700110,SNZUE3NES7,AST-4DQ53E,41AWNJ,2025-08-09
LPN-0000157,DEL-000176,700110,SNPUS92FO0,AST-VFADCF,41AWNJ,2025-08-09
LPN-0000157,DEL-000176,700110,SNSNBSOLCD,AST-A1R8QT,41AWNJ,2025-08-09
LPN-0000157,DEL-000176,700110,SNG4YA6I0Z,AST-A7HMJZ,41AWNJ,2025-08-09
LPN-0000111,DEL-000115,700111,SN6U63QA44,AST-736Z1O,ZV6APX,2025-07-12
LPN-0000111,DEL-000115,700111,SN8X92U5ME,AST-DY423D,ZV6APX,2025-07-12
LPN-0000206,DEL-000217,700112,SNBPX72N1H,AST-RWOHCS,GIV25K,2025-10-06
LPN-0000016,DEL-000170,700113,SNJQGC9M26,AST-EH47L3,TDTGWP,2025-09-03
LPN-0000016,DEL-000170,700113,SNH64FZ20P,AST-V46UZL,TDTGWP,2025-09-03
LPN-0000016,DEL-000170,700113,SNZJWK3DU2,AST-GFV92A,TDTGWP,2025-09-03
LPN-0000016,DEL-000170,700113,SNRULH3HTM,AST-QYDDJI,TDTGWP,2025-09-03
LPN-0000155,DEL-000086,700114,SNZUBRARZX,AST-6HFKAE,NH36C2,2025-09-22
LPN-0000155,DEL-000086,700114,SNTH74UV3F,AST-6UCSLV,NH36C2,2025-09-22
LPN-0000113,DEL-000117,700115,SNJ26ZUJPN,AST-HC183F,X62MAB,2025-09-22
LPN-0000113,DEL-000117,700115,SNVAFH8DEN,AST-Y8O72Q,X62MAB,2025-09-22
LPN-0000113,DEL-000117,700115,SN8L20PTCY,AST-42IZQU,X62MAB,2025-09-22
LPN-0000163,DEL-000024,700116,SNZV1XNI9J,AST-MJBK4J,3IMMZT,2025-10-17
LPN-0000133,DEL-000146,700117,SN1MMJRKN0,AST-8A8E05,340GWO,2025-10-07
LPN-0000133,DEL-000146,700117,SNV6D61KYI,AST-WLVR81,340GWO,2025-10-07
LPN-0000071,DEL-000082,700118,SNUZ5IVBXW,AST-061ZBG,47R15X,2025-08-29
LPN-0000071,DEL-000082,700118,SNCJKYRVP0,AST-JFCMZ3,47R15X,2025-08-29
LPN-0000071,DEL-000082,700118,SN6DBP89OY,AST-M6O1EL,47R15X,2025-08-29
LPN-0000106,DEL-000163,700119,SNCFOTRHK4,AST-C1S4OS,LFXCGN,2025-09-29
LPN-0000106,DEL-000163,700119,SNCPI79W5B,AST-IAMETG,LFXCGN,2025-09-29
LPN-0000018,DEL-000171,700120,SNUSR9ZJZO,AST-FQG89W,1GH2HA,2025-09-21
LPN-0000018,DEL-000171,700120,SN12DLN6ZR,AST-LXSK9K,1GH2HA,2025-09-21
LPN-0000220,DEL-000164,700121,SNHHAWY521,AST-N9J6AD,GN7MWQ,2025-08-22
LPN-0000220,DEL-000164,700121,SN3KH2R4U2,AST-VT7XLW,GN7MWQ,2025-08-22
LPN-0000013,DEL-000043,700122,SNGE6C49DV,AST-HRG5ZF,VK2Q3S,2025-09-27
LPN-0000013,DEL-000043,700122,SNJ6EN04KQ,AST-7MOTJ8,VK2Q3S,2025-09-27
LPN-0000013,DEL-000043,700122,SNQ0PQHTHS,AST-SBJJDF,VK2Q3S,2025-09-27
LPN-0000066,DEL-000013,700123,SNNXK44GBD,AST-6W6ZJA,WCZ0DZ,2025-10-16
LPN-0000140,DEL-000033,700124,SNYV6KY9KR,AST-40VARX,G57KYO,2025-09-11
LPN-0000140,DEL-000033,700124,SNRBDWALDY,AST-3KIR68,G57KYO,2025-09-11
LPN-0000140,DEL-000033,700124,SNPI2JPS7Z,AST-I0JWP7,G57KYO,2025-09-11
LPN-0000140,DEL-000033,700124,SN851796HL,AST-29UL9M,G57KYO,2025-09-11
LPN-0000140,DEL-000033,700124,SNF1HEE6JX,AST-ZC0YH4,G57KYO,2025-09-11
LPN-0000081,DEL-000009,700125,SN4MUQAZOT,AST-CGM6DQ,YP1H0V,2025-08-20
LPN-0000081,DEL-000009,700125,SNI5TL4P55,AST-KBO9VI,YP1H0V,2025-08-20
LPN-0000081,DEL-000009,700125,SNAP782BFS,AST-S96XUQ,YP1H0V,2025-08-20
LPN-0000081,DEL-000009,700125,SN3527NNBZ,AST-2IBLRF,YP1H0V,2025-08-20
LPN-0000081,DEL-000009,700125,SNSQ19CN3N,AST-MY0JDW,YP1H0V,2025-08-20
LPN-0000059,DEL-000185,700126,SNQ8TMOQB3,AST-ATONEC,UQ57Q4,2025-10-03
LPN-0000059,DEL-000185,700126,SNMU14124G,AST-3DPELT,UQ57Q4,2025-10-03
LPN-0000059,DEL-000185,700126,SNCQO745P0,AST-EXFMJ4,UQ57Q4,2025-10-03
LPN-0000059,DEL-000185,700126,SNYWSZOI8E,AST-BGJ5HU,UQ57Q4,2025-10-03
LPN-0000059,DEL-000185,700126,SNE6PLVLOS,AST-NYL0M2,UQ57Q4,2025-10-03
LPN-0000199,DEL-000065,700127,SNM9V8L2PN,AST-CDMXZA,EA0NT9,2025-09-07
LPN-0000199,DEL-000065,700127,SNPT0EERWT,AST-0GCJ53,EA0NT9,2025-09-07
LPN-0000199,DEL-000065,700127,SNR02E5ZHX,AST-CAKCNO,EA0NT9,2025-09-07
LPN-0000199,DEL-000065,700127,SNKANKT083,AST-AYBI27,EA0NT9,2025-09-07
LPN-0000199,DEL-000065,700127,SNJRE83PWJ,AST-SXLV9C,EA0NT9,2025-09-07
LPN-0000020,DEL-000147,700128,SNAAZ4PRP0,AST-LZJIST,94Q7NT,2025-10-05
LPN-0000020,DEL-000147,700128,SNYQJCTN18,AST-L3CQYL,94Q7NT,2025-10-05
LPN-0000020,DEL-000147,700128,SN44KPHZLZ,AST-VIQ9HT,94Q7NT,2025-10-05
LPN-0000020,DEL-000147,700128,SNNRXTTJRL,AST-NMXF56,94Q7NT,2025-10-05
LPN-0000224,DEL-000014,700129,SNXQPXJJB3,AST-546ZLL,3UIXUV,2025-09-08
LPN-0000224,DEL-000014,700129,SNETTC87AI,AST-7W9EYL,3UIXUV,2025-09-08
LPN-0000200,DEL-000113,700130,SNGWXVEBGQ,AST-ZL3W69,U69LOT,2025-10-13
LPN-0000100,DEL-000154,700131,SN4E0VZJY5,AST-98Q1D6,OYTI1H,2025-09-14
LPN-0000100,DEL-000154,700131,SNDKZRUJDD,AST-CKNGDH,OYTI1H,2025-09-14
LPN-0000100,DEL-000154,700131,SN1VLMX1Z8,AST-7HNIOC,OYTI1H,2025-09-14
LPN-0000106,DEL-000011,700132,SN7Q5OXHOM,AST-9BS2BU,LFXCGN,2025-09-13
LPN-0000106,DEL-000011,700132,SNL0Y19D13,AST-AZ8P0W,LFXCGN,2025-09-13
LPN-0000237,DEL-000131,700133,SN5CPXFP5T,AST-AGNFW9,MMNW7M,2025-10-07
LPN-0000064,DEL-000179,700134,SNMS57SQZN,AST-I8WXN7,2LL3HM,2025-09-13
LPN-0000064,DEL-000179,700134,SNBBCHP43K,AST-1HR8A6,2LL3HM,2025-09-13
LPN-0000064,DEL-000179,700134,SNR8F4Y0MY,AST-MT1OS9,2LL3HM,2025-09-13
LPN-0000064,DEL-000179,700134,SNLW3X98AX,AST-PA9032,2LL3HM,2025-09-13
LPN-0000064,DEL-000179,700134,SNL8H5M7WH,AST-2GND5F,2LL3HM,2025-09-13
LPN-0000015,DEL-000223,700135,SNNPM14IJL,AST-VWHPJS,QVUQU3,2025-10-04
LPN-0000015,DEL-000223,700135,SNG6F5IZUT,AST-F97INO,QVUQU3,2025-10-04
LPN-0000015,DEL-000223,700135,SNIMRXT6VH,AST-YYCA3B,QVUQU3,2025-10-04
LPN-0000015,DEL-000223,700135,SN2LLEF4IC,AST-WLC5D7,QVUQU3,2025-10-04
LPN-0000015,DEL-000223,700135,SNZLL92YUX,AST-W7OT3M,QVUQU3,2025-10-04
LPN-0000142,DEL-000127,700136,SNIYAIYHX4,AST-3OF0H9,2DE6MQ,2025-10-07
LPN-0000142,DEL-000127,700136,SNCIW4S2PJ,AST-6X9T6X,2DE6MQ,2025-10-07
LPN-0000142,DEL-000127,700136,SNL97LBFVF,AST-NEEEGJ,2DE6MQ,2025-10-07
LPN-0000142,DEL-000127,700136,SNWOUA57T8,AST-F0R111,2DE6MQ,2025-10-07
LPN-0000039,DEL-000152,700137,SN068JW3G3,AST-DO8HOV,KXO0BU,2025-09-27
LPN-0000178,DEL-000217,700138,SN5WG5LKMW,AST-3EMG6J,KQN11A,2025-10-06
LPN-0000178,DEL-000217,700138,SN5UL3N415,AST-HQ7F5E,KQN11A,2025-10-06
LPN-0000178,DEL-000217,700138,SN43TTQ7WM,AST-5OX89A,KQN11A,2025-10-06
LPN-0000178,DEL-000217,700138,SNRUC7QZBR,AST-8YRYB2,KQN11A,2025-10-06
LPN-0000178,DEL-000217,700138,SN9UHOECSI,AST-RCGR6W,KQN11A,2025-10-06
LPN-0000220,DEL-000210,700139,SNVKIXYAR0,AST-QAUB2T,GN7MWQ,2025-08-14
LPN-0000062,DEL-000143,700140,SN4QOZZ2V7,AST-TYHX44,2ER4NR,2025-10-05
LPN-0000062,DEL-000143,700140,SN0V0H9JRF,AST-2ID4EL,2ER4NR,2025-10-05
LPN-0000062,DEL-000143,700140,SNHPWCKS79,AST-86M3Q0,2ER4NR,2025-10-05
LPN-0000062,DEL-000143,700140,SNZLNTMSET,AST-N0C5AZ,2ER4NR,2025-10-05
LPN-0000215,DEL-000191,700141,SN89R18NQ4,AST-IUJTRY,PPH5PU,2025-10-12
LPN-0000068,DEL-000115,700142,SNTLX9TKP4,AST-UQ25PZ,MA4KGM,2025-09-17
LPN-0000068,DEL-000115,700142,SN5UBI9JSB,AST-XRLICI,MA4KGM,2025-09-17
LPN-0000039,DEL-000199,700143,SN8ADO1PW9,AST-86TU9S,KXO0BU,2025-09-06
LPN-0000039,DEL-000199,700143,SNCVUZI7HG,AST-90EZ59,KXO0BU,2025-09-06
LPN-0000175,DEL-000159,700144,SNWX7Q48JQ,AST-JFTOIS,YXYOS3,2025-09-01
LPN-0000175,DEL-000159,700144,SN7OD29N2Y,AST-1F9IVQ,YXYOS3,2025-09-01
LPN-0000175,DEL-000159,700144,SN9BHV5YUM,AST-ZNDY87,YXYOS3,2025-09-01
LPN-0000063,DEL-000121,700145,SNZLHZS56J,AST-VQYEZ2,CHEP8B,2025-09-12
LPN-0000063,DEL-000121,700145,SN24L0HWSY,AST-79NP2U,CHEP8B,2025-09-12
LPN-0000063,DEL-000121,700145,SNVK1HNJ2W,AST-FIO7U3,CHEP8B,2025-09-12
LPN-0000133,DEL-000121,700146,SNMUB928Y8,AST-9D1RL2,340GWO,2025-09-12
LPN-0000133,DEL-000121,700146,SNXOU37GOU,AST-YO87F6,340GWO,2025-09-12
LPN-0000133,DEL-000121,700146,SN7PQYBIBL,AST-XAVOWG,340GWO,2025-09-12
LPN-0000188,DEL-000013,700147,SNUF97IDFS,AST-1IQW62,D3VD9I,2025-09-25
LPN-0000188,DEL-000013,700147,SNLHPBFRMI,AST-AE7IM5,D3VD9I,2025-09-25
LPN-0000188,DEL-000013,700147,SNCFWE8VCK,AST-42G2WV,D3VD9I,2025-09-25
LPN-0000060,DEL-000001,700148,SNC981M34W,AST-IT45C7,5QYPLQ,2025-09-26
LPN-0000056,DEL-000218,700149,SNZL24WC92,AST-WZS4O3,V8AUP7,2025-09-24
LPN-0000236,DEL-000065,700150,SN4NG93OP1,AST-F10JND,F4M129,2025-10-13
LPN-0000236,DEL-000065,700150,SN54EJMXUL,AST-UNZXT9,F4M129,2025-10-13
LPN-0000162,DEL-000011,700151,SNPIIRZTBG,AST-PBL93S,6G6WXG,2025-09-13
LPN-0000162,DEL-000011,700151,SN2Y8TBKOX,AST-SQ574O,6G6WXG,2025-09-13
LPN-0000162,DEL-000011,700151,SNXG9ZIUJ1,AST-JUFXIK,6G6WXG,2025-09-13
LPN-0000162,DEL-000011,700151,SNUOQXOEOJ,AST-H9TUQA,6G6WXG,2025-09-13
LPN-0000162,DEL-000011,700151,SN5GTHVEPE,AST-MEXA5B,6G6WXG,2025-09-13
LPN-0000057,DEL-000018,700152,SNHNJW838L,AST-YO773G,9RQ94A,2025-09-11
LPN-0000126,DEL-000001,700153,SNFLAGBCXX,AST-69RA54,O6EEIL,2025-09-26
LPN-0000126,DEL-000001,700153,SNP657RLQ5,AST-LB4S1J,O6EEIL,2025-09-26
LPN-0000206,DEL-000172,700154,SNMFPJY1JE,AST-ZLGW3Z,GIV25K,2025-08-23
LPN-0000066,DEL-000003,700155,SNGOJ5AOLA,AST-NF72PN,WCZ0DZ,2025-07-24
LPN-0000066,DEL-000003,700155,SNS22ZYNOZ,AST-563BXO,WCZ0DZ,2025-07-24
LPN-0000066,DEL-000003,700155,SN7P0S5LL4,AST-0S6VJX,WCZ0DZ,2025-07-24
LPN-0000094,DEL-000150,700156,SN8TGH8MGS,AST-3Q0CXV,ARZMB4,2025-09-07
LPN-0000094,DEL-000150,700156,SNYH981K7N,AST-M3C8KM,ARZMB4,2025-09-07
LPN-0000132,DEL-000168,700157,SNGHWMZ46L,AST-GL71G1,YHW7NH,2025-10-14
LPN-0000132,DEL-000168,700157,SNVP214GNI,AST-I3OH2P,YHW7NH,2025-10-14
LPN-0000132,DEL-000168,700157,SNWHJO22LW,AST-L3O1JP,YHW7NH,2025-10-14
LPN-0000132,DEL-000168,700157,SNCGUKHFJO,AST-SHBQXD,YHW7NH,2025-10-14
LPN-0000132,DEL-000168,700157,SNCT7WCSBS,AST-6JJEQW,YHW7NH,2025-10-14
LPN-0000096,DEL-000006,700158,SNMZOQGS08,AST-MRVVNM,4NK34O,2025-08-29
LPN-0000096,DEL-000006,700158,SN0NVANK8F,AST-T82H32,4NK34O,2025-08-29
LPN-0000096,DEL-000006,700158,SN825OPWVQ,AST-BODFIH,4NK34O,2025-08-29
LPN-0000096,DEL-000006,700158,SNQIC79IRR,AST-SP9BN5,4NK34O,2025-08-29
LPN-0000177,DEL-000074,700159,SN02AXOE74,AST-69LRB6,7O69KA,2025-09-13
LPN-0000018,DEL-000077,700160,SNLJRACPJG,AST-LJJPRV,1GH2HA,2025-09-21
LPN-0000018,DEL-000077,700160,SNFQRN09M2,AST-224KKT,1GH2HA,2025-09-21
LPN-0000018,DEL-000077,700160,SNVIXX6Z0H,AST-CM5NQR,1GH2HA,2025-09-21
LPN-0000181,DEL-000178,700161,SNK8MP38K3,AST-KQA7X0,89TMU9,2025-08-26
LPN-0000038,DEL-000221,700162,SNO1BYIHA5,AST-VMK8J8,U6EOTF,2025-09-08
LPN-0000038,DEL-000221,700162,SNY3YH1M2C,AST-RZ0LZ1,U6EOTF,2025-09-08
LPN-0000038,DEL-000221,700162,SNWZ0NF1P0,AST-0ETNDQ,U6EOTF,2025-09-08
LPN-0000038,DEL-000221,700162,SNNLUIQHOS,AST-2K7X08,U6EOTF,2025-09-08
LPN-0000005,DEL-000187,700163,SNMTUPUYCN,AST-K9XRBF,4DCWXB,2025-08-08
LPN-0000005,DEL-000187,700163,SN9OK9VDCE,AST-RRL70I,4DCWXB,2025-08-08
LPN-0000005,DEL-000187,700163,SNCT07O826,AST-X5RZSG,4DCWXB,2025-08-08
LPN-0000005,DEL-000187,700163,SN4WMCKFAV,AST-P89T2F,4DCWXB,2025-08-08
LPN-0000005,DEL-000187,700163,SNTO47SG96,AST-OKN9Q1,4DCWXB,2025-08-08
LPN-0000219,DEL-000100,700164,SNVA44VWLA,AST-FOCJON,HTDGUT,2025-07-08
LPN-0000157,DEL-000192,700165,SNO24YKMLC,AST-PEBAXG,41AWNJ,2025-09-24
LPN-0000183,DEL-000166,700166,SNBRP4BD6L,AST-2FSJVL,5T6CIG,2025-09-20
LPN-0000183,DEL-000166,700166,SNTASI1HN6,AST-HLOZXE,5T6CIG,2025-09-20
LPN-0000183,DEL-000166,700166,SN1XN3ZR7G,AST-K3Y1TQ,5T6CIG,2025-09-20
LPN-0000183,DEL-000166,700166,SNWAW068PR,AST-L5G0GA,5T6CIG,2025-09-20
LPN-0000147,DEL-000031,700167,SN16B74BWO,AST-PWZ8I3,PUDUHP,2025-08-23
LPN-0000083,DEL-000201,700168,SNAFQFUGY8,AST-ZI6MLH,QX5IUE,2025-10-18
LPN-0000162,DEL-000152,700169,SNNKE7YPQ6,AST-M5LXX3,6G6WXG,2025-09-30
LPN-0000162,DEL-000152,700169,SN1GX7GB9K,AST-4HQNOL,6G6WXG,2025-09-30
LPN-0000162,DEL-000152,700169,SNCN8WDD5Q,AST-ECCS6O,6G6WXG,2025-09-30
LPN-0000162,DEL-000152,700169,SN9UPBDKWR,AST-2UUU3L,6G6WXG,2025-09-30
LPN-0000162,DEL-000152,700169,SNI7R77SMR,AST-QJUGIY,6G6WXG,2025-09-30
LPN-0000081,DEL-000186,700170,SNEN7RDLN6,AST-VZAY02,YP1H0V,2025-08-15
LPN-0000081,DEL-000186,700170,SNUBW8M19U,AST-OHGUN6,YP1H0V,2025-08-15
LPN-0000081,DEL-000080,700171,SNNZEVICNY,AST-2JR60L,YP1H0V,2025-08-03
LPN-0000081,DEL-000080,700171,SNUWSWLRDT,AST-GEL0A7,YP1H0V,2025-08-03
LPN-0000081,DEL-000080,700171,SN4V720857,AST-AI8R4W,YP1H0V,2025-08-03
LPN-0000081,DEL-000080,700171,SNRN1YCAPJ,AST-M72C4F,YP1H0V,2025-08-03
LPN-0000004,DEL-000121,700172,SNOUB3RMDN,AST-ZXMXCD,L8FY9J,2025-10-12
LPN-0000004,DEL-000121,700172,SN17UATTFA,AST-93MX9M,L8FY9J,2025-10-12
LPN-0000004,DEL-000121,700172,SN4PRHXITA,AST-1RWVWL,L8FY9J,2025-10-12
LPN-0000004,DEL-000121,700172,SNEYGSUJ72,AST-1LMBHJ,L8FY9J,2025-10-12
LPN-0000004,DEL-000121,700172,SNM4CRU6PW,AST-A471I6,L8FY9J,2025-10-12
LPN-0000211,DEL-000053,700173,SNWUDYBJBP,AST-9XJ422,OB7GRJ,2025-08-04
LPN-0000211,DEL-000053,700173,SNH1PQWXN9,AST-TA4VIZ,OB7GRJ,2025-08-04
LPN-0000042,DEL-000056,700174,SNP5GB4VG1,AST-MVF1EX,CUCVCE,2025-09-28
LPN-0000042,DEL-000056,700174,SNPL6S51BQ,AST-31NVP2,CUCVCE,2025-09-28
LPN-0000042,DEL-000056,700174,SN4XS4VQEZ,AST-S8IBNI,CUCVCE,2025-09-28
LPN-0000042,DEL-000056,700174,SNIJ7VJ3ME,AST-5839R2,CUCVCE,2025-09-28
LPN-0000100,DEL-000217,700175,SNPDSZUMSF,AST-E6R79M,OYTI1H,2025-10-12
LPN-0000100,DEL-000217,700175,SNAAFQY2XH,AST-ABYPR1,OYTI1H,2025-10-12
LPN-0000100,DEL-000217,700175,SNJDK7RLYY,AST-ETPZQI,OYTI1H,2025-10-12
LPN-0000100,DEL-000217,700175,SNMESHB8MD,AST-3QK9YA,OYTI1H,2025-10-12
LPN-0000177,DEL-000079,700176,SN55N95DZ6,AST-PJ8JAQ,7O69KA,2025-08-23
LPN-0000177,DEL-000079,700176,SNS85NLL06,AST-05SSJA,7O69KA,2025-08-23
LPN-0000177,DEL-000079,700176,SNU4A92HJX,AST-X0VN09,7O69KA,2025-08-23
LPN-0000177,DEL-000079,700176,SN7BICSFBY,AST-TN2LYM,7O69KA,2025-08-23
LPN-0000177,DEL-000079,700176,SNS7OXO3TO,AST-G3MVBQ,7O69KA,2025-08-23
LPN-0000068,DEL-000162,700177,SN4R2LOKVP,AST-4MDB02,MA4KGM,2025-09-04
LPN-0000082,DEL-000147,700178,SNETZVASE0,AST-WHDXWU,20G9EP,2025-10-05
LPN-0000082,DEL-000147,700178,SN5CROL083,AST-XEC4EB,20G9EP,2025-10-05
LPN-0000143,DEL-000208,700179,SNZ4CIKBGE,AST-MEVQCN,FBQ9VP,2025-08-07
LPN-0000143,DEL-000208,700179,SNABUC20S0,AST-SBGNDL,FBQ9VP,2025-08-07
LPN-0000143,DEL-000208,700179,SN29E79NRS,AST-DXVEAD,FBQ9VP,2025-08-07
LPN-0000143,DEL-000208,700179,SN6RUZ3CEP,AST-WSL88I,FBQ9VP,2025-08-07
LPN-0000145,DEL-000202,700180,SNIBMZCNDG,AST-G50M61,RFNYJW,2025-09-19
LPN-0000145,DEL-000202,700180,SN7OI7284S,AST-IHPIZZ,RFNYJW,2025-09-19
LPN-0000145,DEL-000202,700180,SN5Z1V9FQG,AST-01QY23,RFNYJW,2025-09-19
LPN-0000142,DEL-000208,700181,SNDF5UC491,AST-O6VPZZ,2DE6MQ,2025-08-07
LPN-0000088,DEL-000114,700182,SNZRZFKQ3W,AST-6ZOYLU,FG9OIJ,2025-10-13
LPN-0000088,DEL-000114,700182,SNP5RLE4TI,AST-61PDYV,FG9OIJ,2025-10-13
LPN-0000126,DEL-000035,700183,SN6SM8W09W,AST-JMNKRT,O6EEIL,2025-09-08
LPN-0000126,DEL-000035,700183,SNFOX7CPUS,AST-V5AK2S,O6EEIL,2025-09-08
LPN-0000022,DEL-000006,700184,SN2P9NONUF,AST-KCWICP,JT1R8Y,2025-09-23
LPN-0000022,DEL-000006,700184,SNUBBFQTCZ,AST-IQY53F,JT1R8Y,2025-09-23
LPN-0000022,DEL-000006,700184,SNJQCR20X6,AST-BUIXKS,JT1R8Y,2025-09-23
LPN-0000022,DEL-000006,700184,SNG0D7YO6U,AST-FKZCJE,JT1R8Y,2025-09-23
LPN-0000022,DEL-000006,700184,SNXEK8VO3L,AST-V447CS,JT1R8Y,2025-09-23
LPN-0000234,DEL-000163,700185,SNOX3V5ZS1,AST-1K82PP,QQI8PV,2025-09-29
LPN-0000234,DEL-000163,700185,SNU181UE7H,AST-NT50JZ,QQI8PV,2025-09-29
LPN-0000234,DEL-000163,700185,SNIYUD4JYE,AST-T08GQZ,QQI8PV,2025-09-29
LPN-0000234,DEL-000163,700185,SNBTEWD2PY,AST-TC9MML,QQI8PV,2025-09-29
LPN-0000234,DEL-000163,700185,SNLYKDZ77B,AST-5A9QL4,QQI8PV,2025-09-29
LPN-0000178,DEL-000143,700186,SN8SH89LNP,AST-X4UODH,KQN11A,2025-09-15
LPN-0000178,DEL-000143,700186,SNOXR25SM3,AST-NWNML9,KQN11A,2025-09-15
LPN-0000178,DEL-000143,700186,SNA7DGZ9TN,AST-1WTBEH,KQN11A,2025-09-15
LPN-0000178,DEL-000143,700186,SN0MYMJBOE,AST-AOHMN6,KQN11A,2025-09-15
LPN-0000178,DEL-000106,700187,SNL768DL5A,AST-VEXKR9,KQN11A,2025-09-19
LPN-0000178,DEL-000106,700187,SNH4ZLERT2,AST-H0A6UH,KQN11A,2025-09-19
LPN-0000168,DEL-000204,700188,SNO5L3X5K5,AST-KLRKA9,FZ7CEX,2025-10-15
LPN-0000168,DEL-000204,700188,SN3HYIWOID,AST-SC11LX,FZ7CEX,2025-10-15
LPN-0000168,DEL-000204,700188,SN4EO8TBV7,AST-GQFG41,FZ7CEX,2025-10-15
LPN-0000168,DEL-000204,700188,SNXA6FJ2BW,AST-9VHAXK,FZ7CEX,2025-10-15
LPN-0000212,DEL-000165,700189,SNN7LLYSY3,AST-N4K7WR,TRGTUR,2025-07-13
LPN-0000212,DEL-000165,700189,SNYKZW21MC,AST-1NCY77,TRGTUR,2025-07-13
LPN-0000212,DEL-000165,700189,SN6HN6C67Q,AST-TBDIQQ,TRGTUR,2025-07-13
LPN-0000099,DEL-000039,700190,SNXNO9OM7Y,AST-XVRLHR,4KZ2VI,2025-09-04
LPN-0000099,DEL-000039,700190,SN4R6I9XZZ,AST-YFNGOM,4KZ2VI,2025-09-04
LPN-0000099,DEL-000039,700190,SNG205UK2A,AST-Q4FXYW,4KZ2VI,2025-09-04
LPN-0000099,DEL-000039,700190,SNJYZPXZBJ,AST-98GIW9,4KZ2VI,2025-09-04
LPN-0000018,DEL-000216,700191,SNIV6107MM,AST-PS08QG,1GH2HA,2025-09-21
LPN-0000018,DEL-000216,700191,SNB6Z0V7YN,AST-CYZL44,1GH2HA,2025-09-21
LPN-0000018,DEL-000216,700191,SNZ3R9PW0H,AST-G6WISB,1GH2HA,2025-09-21
LPN-0000018,DEL-000216,700191,SN33TH8FR3,AST-FKZZIR,1GH2HA,2025-09-21
LPN-0000018,DEL-000216,700191,SNMF41GIFA,AST-6GXUV5,1GH2HA,2025-09-21
LPN-0000080,DEL-000013,700192,SNBPVQEET7,AST-BVF1PW,XQX14A,2025-09-14
LPN-0000080,DEL-000013,700192,SN1326BJVC,AST-H6E91J,XQX14A,2025-09-14
LPN-0000080,DEL-000013,700192,SNECE105FB,AST-IHH9I4,XQX14A,2025-09-14
LPN-0000080,DEL-000013,700192,SNRVVF6LEB,AST-CQO247,XQX14A,2025-09-14
LPN-0000080,DEL-000013,700192,SN8ZTJUQIA,AST-I7QDJP,XQX14A,2025-09-14
LPN-0000100,DEL-000062,700193,SNGYB8AMZ2,AST-0OEYRH,OYTI1H,2025-09-30
LPN-0000100,DEL-000062,700193,SNU597Z036,AST-Q86SW0,OYTI1H,2025-09-30
LPN-0000182,DEL-000094,700194,SNLTI55CT0,AST-4VLE8A,PYASL4,2025-10-06
LPN-0000190,DEL-000106,700195,SN5MABQSZS,AST-HFLSXJ,VQDHYW,2025-09-18
LPN-0000190,DEL-000106,700195,SNFON0KAHN,AST-DAZ2DN,VQDHYW,2025-09-18
LPN-0000190,DEL-000106,700195,SNYB2Y5I5I,AST-AKPVC3,VQDHYW,2025-09-18
LPN-0000001,DEL-000118,700196,SNHM2NXFH8,AST-DNMCNG,BOVI73,2025-09-10
LPN-0000001,DEL-000118,700196,SNG7N33U2D,AST-F30X40,BOVI73,2025-09-10
LPN-0000001,DEL-000118,700196,SN4UJM2WFP,AST-KCI81P,BOVI73,2025-09-10
LPN-0000001,DEL-000118,700196,SNIW775D1H,AST-2AH72U,BOVI73,2025-09-10
LPN-0000137,DEL-000101,700197,SNES6WQDJT,AST-UZ949W,59W2GQ,2025-08-16
LPN-0000137,DEL-000101,700197,SNQ2KW4M4P,AST-N156IT,59W2GQ,2025-08-16
LPN-0000137,DEL-000101,700197,SNRGQZBVY4,AST-VWYSPH,59W2GQ,2025-08-16
LPN-0000137,DEL-000101,700197,SN384SMKVX,AST-63GVB1,59W2GQ,2025-08-16
LPN-0000093,DEL-000147,700198,SNN7ZQR240,AST-JMBXI0,649KIN,2025-10-05
LPN-0000093,DEL-000147,700198,SNRHGD9F9I,AST-NTXW8K,649KIN,2025-10-05
LPN-0000093,DEL-000147,700198,SNHI1GLX5D,AST-GURQX6,649KIN,2025-10-05
LPN-0000093,DEL-000147,700198,SNXJLLE9R8,AST-ZB237R,649KIN,2025-10-05
LPN-0000026,DEL-000036,700199,SN3T9ADDM6,AST-9C9FIW,Z42EWB,2025-07-11
LPN-0000015,DEL-000205,700200,SNQD61IAIR,AST-E46TRE,QVUQU3,2025-10-04
LPN-0000015,DEL-000205,700200,SN0FXWS929,AST-K7VTQZ,QVUQU3,2025-10-04
LPN-0000098,DEL-000184,700201,SNH4PI00DT,AST-1O6UBU,ISC5UO,2025-10-01
LPN-0000098,DEL-000184,700201,SNPRSE9YL7,AST-1V5SK4,ISC5UO,2025-10-01
LPN-0000098,DEL-000184,700201,SNCOBERUNG,AST-YV1DV7,ISC5UO,2025-10-01
LPN-0000098,DEL-000184,700201,SNWOV04120,AST-1IO6QP,ISC5UO,2025-10-01
LPN-0000098,DEL-000184,700201,SNB4L3177P,AST-IBB37M,ISC5UO,2025-10-01
LPN-0000040,DEL-000100,700202,SNXTAQ11A7,AST-V4YT6J,P5KJ0A,2025-09-10
LPN-0000040,DEL-000100,700202,SNUZKK1VSE,AST-FDB3X0,P5KJ0A,2025-09-10
LPN-0000101,DEL-000059,700203,SN1BA0IS25,AST-E1THCR,YRGQK5,2025-10-07
LPN-0000101,DEL-000059,700203,SNH0B7D12H,AST-UV9BQ0,YRGQK5,2025-10-07
LPN-0000101,DEL-000059,700203,SNCYE0A191,AST-ZRXIKU,YRGQK5,2025-10-07
LPN-0000085,DEL-000186,700205,SNCAUDP38C,AST-RS03T3,DHAD0A,2025-09-09
LPN-0000085,DEL-000186,700205,SN5SMO6WLJ,AST-MC8GBQ,DHAD0A,2025-09-09
LPN-0000085,DEL-000186,700205,SNBBHVH24I,AST-VUAWB9,DHAD0A,2025-09-09
LPN-0000085,DEL-000186,700205,SNH0583BVA,AST-30XO99,DHAD0A,2025-09-09
LPN-0000085,DEL-000186,700205,SN0VKLTDWQ,AST-0XWURF,DHAD0A,2025-09-09
LPN-0000217,DEL-000136,700206,SNIY0O1111,AST-266007,YMND9D,2025-10-10
LPN-0000217,DEL-000136,700206,SN9KG8IN7Q,AST-QCM9MM,YMND9D,2025-10-10
LPN-0000217,DEL-000136,700206,SNZ9HUVVXN,AST-R39XT0,YMND9D,2025-10-10
LPN-0000217,DEL-000136,700206,SN20B9H0UN,AST-QOKPEY,YMND9D,2025-10-10
LPN-0000116,DEL-000131,700207,SN5KNGRAMU,AST-NMRXDV,V2GQPO,2025-09-16
LPN-0000116,DEL-000131,700207,SNN1ZI6JKA,AST-ROYIO2,V2GQPO,2025-09-16
LPN-0000116,DEL-000131,700207,SN6BCKB5YN,AST-2HHEDZ,V2GQPO,2025-09-16
LPN-0000237,DEL-000217,700208,SNZC28H49R,AST-FWZSNG,MMNW7M,2025-10-07
LPN-0000237,DEL-000217,700208,SNZUJAHTNN,AST-UJF3WF,MMNW7M,2025-10-07
LPN-0000237,DEL-000217,700208,SNGZAKP0DW,AST-QDFPWO,MMNW7M,2025-10-07
LPN-0000237,DEL-000217,700208,SNZV999G6D,AST-B21U5N,MMNW7M,2025-10-07
LPN-0000204,DEL-000195,700209,SN0KMBGUUU,AST-2GBZCF,7Z2XEK,2025-09-25
LPN-0000204,DEL-000195,700209,SNBYKBJ1ET,AST-VPJ4R0,7Z2XEK,2025-09-25
LPN-0000204,DEL-000195,700209,SNVK67Z4E6,AST-Z8YC2S,7Z2XEK,2025-09-25
LPN-0000204,DEL-000195,700209,SNM07HI3WS,AST-X9HNQR,7Z2XEK,2025-09-25
LPN-0000204,DEL-000195,700209,SNB29M9APS,AST-E6NPZ7,7Z2XEK,2025-09-25
LPN-0000213,DEL-000129,700210,SNTK4UL5Y4,AST-QEBVRG,DGI431,2025-09-30
LPN-0000213,DEL-000129,700210,SNKWV7M1VY,AST-UF6LW5,DGI431,2025-09-30
LPN-0000213,DEL-000129,700210,SN7AMCE11E,AST-6ACIBP,DGI431,2025-09-30
LPN-0000213,DEL-000129,700210,SNMOF2M3GW,AST-3LLLQH,DGI431,2025-09-30
LPN-0000033,DEL-000198,700211,SN7ULIV6KW,AST-CLM0CZ,1ZG4GL,2025-10-16
LPN-0000023,DEL-000072,700212,SNT434PTP2,AST-SU9UNT,K4MQVO,2025-07-24
LPN-0000023,DEL-000072,700212,SNRIUD39NQ,AST-80L5YD,K4MQVO,2025-07-24
LPN-0000023,DEL-000072,700212,SNSR8TC7UI,AST-HFY29G,K4MQVO,2025-07-24
LPN-0000023,DEL-000072,700212,SNEVOTBMY2,AST-T7ZMO0,K4MQVO,2025-07-24
LPN-0000023,DEL-000072,700212,SN4I1I26EI,AST-EOXN5R,K4MQVO,2025-07-24
LPN-0000085,DEL-000169,700213,SNBN3ZVUHX,AST-WVUSTH,DHAD0A,2025-08-17
LPN-0000085,DEL-000169,700213,SNDJTXJXQF,AST-DCN1IY,DHAD0A,2025-08-17
LPN-0000085,DEL-000169,700213,SNQS5SAOUC,AST-9QAOM5,DHAD0A,2025-08-17
LPN-0000235,DEL-000226,700214,SNDULB0PDY,AST-1OYU2U,FKKN7Z,2025-10-14
LPN-0000235,DEL-000226,700214,SNLT3KWZQE,AST-L7SKHN,FKKN7Z,2025-10-14
LPN-0000235,DEL-000226,700214,SNXVS0EZD6,AST-JGKDDQ,FKKN7Z,2025-10-14
LPN-0000069,DEL-000081,700215,SNLKY0RHZK,AST-2ZOKPK,ZGRY5X,2025-09-07
LPN-0000069,DEL-000081,700215,SN83B4H2H5,AST-I1ZSRI,ZGRY5X,2025-09-07
LPN-0000069,DEL-000081,700215,SNGAZRIUIB,AST-58V0TK,ZGRY5X,2025-09-07
LPN-0000069,DEL-000081,700215,SNMFH7D3A7,AST-9LII36,ZGRY5X,2025-09-07
LPN-0000122,DEL-000208,700216,SNCD40O681,AST-N68C82,41SKLL,2025-08-17
LPN-0000035,DEL-000157,700217,SNU1KXMODY,AST-9OAY2J,329ULX,2025-08-14
LPN-0000035,DEL-000157,700217,SN8XGYR59S,AST-YJIAYS,329ULX,2025-08-14
LPN-0000035,DEL-000157,700217,SN4BTDD6HZ,AST-B6QP5Q,329ULX,2025-08-14
LPN-0000035,DEL-000157,700217,SN1ML7HZCB,AST-2V7ZH9,329ULX,2025-08-14
LPN-0000035,DEL-000157,700217,SNAQWFFCTA,AST-532KSW,329ULX,2025-08-14
LPN-0000219,DEL-000048,700218,SN1BUPCK7C,AST-RNJIDX,HTDGUT,2025-09-14
LPN-0000139,DEL-000026,700219,SNHBB1ULUJ,AST-NWW3HX,GD1ZRU,2025-10-08
LPN-0000139,DEL-000026,700219,SNX5PALL8E,AST-8WUW3Q,GD1ZRU,2025-10-08
LPN-0000139,DEL-000026,700219,SNZ2RJ06SY,AST-IA08JB,GD1ZRU,2025-10-08
LPN-0000139,DEL-000026,700219,SNC9QOWL8T,AST-LR2D9J,GD1ZRU,2025-10-08
LPN-0000105,DEL-000106,700220,SNPN8MPQSF,AST-FW662M,FYTD9F,2025-09-19
LPN-0000039,DEL-000211,700221,SNUHQYK7UD,AST-G71SI6,KXO0BU,2025-09-15
LPN-0000039,DEL-000211,700221,SNIUUO3VT3,AST-3SY0T0,KXO0BU,2025-09-15
LPN-0000039,DEL-000211,700221,SN82XT5PQJ,AST-S4Q59D,KXO0BU,2025-09-15
LPN-0000039,DEL-000211,700221,SN3AYYFWOC,AST-KZGW8X,KXO0BU,2025-09-15
LPN-0000059,DEL-000225,700222,SNYG8C6Z16,AST-XSIIS8,UQ57Q4,2025-10-03
LPN-0000059,DEL-000225,700222,SNUSQY9NOE,AST-EVHKJX,UQ57Q4,2025-10-03
LPN-0000059,DEL-000225,700222,SNPVSD0C8E,AST-0K2OHF,UQ57Q4,2025-10-03
LPN-0000059,DEL-000225,700222,SNPPKXWM8N,AST-R6HG9I,UQ57Q4,2025-10-03
LPN-0000059,DEL-000225,700222,SN541QW6DZ,AST-WOX50E,UQ57Q4,2025-10-03
LPN-0000115,DEL-000051,700223,SNXZ3K7NVN,AST-R69VDT,E3K4HW,2025-10-17
LPN-0000115,DEL-000051,700223,SNM78MLEI7,AST-DHN0FQ,E3K4HW,2025-10-17
LPN-0000115,DEL-000051,700223,SNTXGPTLC8,AST-MOEOST,E3K4HW,2025-10-17
LPN-0000115,DEL-000051,700223,SNX8MDNLIN,AST-NVHQK9,E3K4HW,2025-10-17
LPN-0000115,DEL-000051,700223,SNCV50R88H,AST-Z0RMUJ,E3K4HW,2025-10-17
LPN-0000155,DEL-000197,700224,SNYF3DAY5T,AST-A4FXOJ,NH36C2,2025-08-21
LPN-0000155,DEL-000197,700224,SNP0ZSN9Q2,AST-TPCIOJ,NH36C2,2025-08-21
LPN-0000155,DEL-000197,700224,SNWRP2UTJW,AST-RT83PC,NH36C2,2025-08-21
LPN-0000155,DEL-000197,700224,SNR5ZOSMMN,AST-JOHBQP,NH36C2,2025-08-21
LPN-0000103,DEL-000151,700225,SN8027TDQH,AST-X4SI6N,2LGUZF,2025-09-19
LPN-0000103,DEL-000151,700225,SNW9W37J1K,AST-PBRWC7,2LGUZF,2025-09-19
LPN-0000103,DEL-000151,700225,SNNQVJ4G47,AST-L1VAFQ,2LGUZF,2025-09-19
LPN-0000103,DEL-000151,700225,SNXG18JIVA,AST-HN2XNP,2LGUZF,2025-09-19
LPN-0000080,DEL-000198,700226,SNQ23ZNI78,AST-C2E1XE,XQX14A,2025-09-15
LPN-0000173,DEL-000178,700227,SNT9Q728LH,AST-AZXL35,1FU88B,2025-09-20
LPN-0000173,DEL-000178,700227,SNMT43UEVB,AST-77SZVJ,1FU88B,2025-09-20
LPN-0000117,DEL-000108,700228,SNPPBUZVG9,AST-8WB34N,TVTV4A,2025-10-15
LPN-0000117,DEL-000108,700228,SN4UTE4Q6I,AST-G6Y17V,TVTV4A,2025-10-15
LPN-0000117,DEL-000108,700228,SNAMZALY89,AST-KKEOV7,TVTV4A,2025-10-15
LPN-0000117,DEL-000108,700228,SNPDM9SSRT,AST-6BBR11,TVTV4A,2025-10-15
LPN-0000112,DEL-000167,700229,SNMEK6K2C1,AST-R63QU0,KJK0Y2,2025-07-30
LPN-0000112,DEL-000167,700229,SNVPMX16S8,AST-SA9EFP,KJK0Y2,2025-07-30
LPN-0000112,DEL-000167,700229,SNIL05K0IM,AST-0ZVSSC,KJK0Y2,2025-07-30
LPN-0000171,DEL-000068,700230,SNK6H5Z0GI,AST-HKHGQ8,2WUSH8,2025-10-17
LPN-0000171,DEL-000068,700230,SN21L1UD66,AST-SLR7BG,2WUSH8,2025-10-17
LPN-0000171,DEL-000068,700230,SNTJS5UBB2,AST-0TS5JY,2WUSH8,2025-10-17
LPN-0000171,DEL-000068,700230,SNLJ1L7Q8I,AST-QL4BAQ,2WUSH8,2025-10-17
LPN-0000171,DEL-000068,700230,SN1JOSGNZX,AST-6XV72L,2WUSH8,2025-10-17
LPN-0000138,DEL-000144,700231,SN2HZ9ZRH7,AST-89EZPL,WS0Q1O,2025-09-14
LPN-0000138,DEL-000144,700231,SNPPS9HZW8,AST-ASBEDM,WS0Q1O,2025-09-14
LPN-0000138,DEL-000144,700231,SN3ZBQF3QC,AST-6FQGF1,WS0Q1O,2025-09-14
LPN-0000138,DEL-000144,700231,SN71Q7Z0BO,AST-D5KWAX,WS0Q1O,2025-09-14
LPN-0000101,DEL-000119,700232,SNOFC5960J,AST-1VVJBX,YRGQK5,2025-08-27
LPN-0000101,DEL-000119,700232,SNFZMW8YN2,AST-JC61M8,YRGQK5,2025-08-27
LPN-0000101,DEL-000119,700232,SNB1T3DOZB,AST-5PBQXA,YRGQK5,2025-08-27
LPN-0000101,DEL-000119,700232,SNE55GPPHB,AST-WQURFD,YRGQK5,2025-08-27
LPN-0000076,DEL-000013,700233,SNI77JHHSM,AST-WJQRM5,YGFZT4,2025-09-26
LPN-0000076,DEL-000013,700233,SNZJM08CC5,AST-5RVAZD,YGFZT4,2025-09-26
LPN-0000076,DEL-000013,700233,SN06WVB0TZ,AST-1F8KCJ,YGFZT4,2025-09-26
LPN-0000076,DEL-000013,700233,SNX0DYTEDU,AST-34CFS4,YGFZT4,2025-09-26
LPN-0000001,DEL-000032,700234,SNDRRIOC32,AST-18XE5B,BOVI73,2025-10-18
LPN-0000001,DEL-000032,700234,SNG3GN2CX8,AST-PDHF8J,BOVI73,2025-10-18
LPN-0000092,DEL-000006,700235,SNCRZPY66S,AST-0FPB5G,L4LFN9,2025-08-29
LPN-0000092,DEL-000006,700235,SNU1281Q0Z,AST-RETRDT,L4LFN9,2025-08-29
LPN-0000087,DEL-000205,700236,SNKSGGHJGQ,AST-DN4VA9,2O539Y,2025-09-30
LPN-0000087,DEL-000205,700236,SNP0IT8MHZ,AST-28ETPX,2O539Y,2025-09-30
LPN-0000002,DEL-000143,700237,SNCV0TF0GQ,AST-UEKM2F,O0H81X,2025-09-05
LPN-0000002,DEL-000143,700237,SNG2A2TCZX,AST-J9C21X,O0H81X,2025-09-05
LPN-0000002,DEL-000143,700237,SNIA6DFZAO,AST-SEBFEE,O0H81X,2025-09-05
LPN-0000179,DEL-000130,700238,SNOEE52Q65,AST-0KDLYW,HY2HD8,2025-10-12
LPN-0000179,DEL-000130,700238,SNG8AVS0RV,AST-CGYDIZ,HY2HD8,2025-10-12
LPN-0000179,DEL-000130,700238,SNPTKAN6LS,AST-RR29XD,HY2HD8,2025-10-12
LPN-0000179,DEL-000130,700238,SNBLVZAT3B,AST-6GKNCQ,HY2HD8,2025-10-12
LPN-0000179,DEL-000130,700238,SNUO0WST0L,AST-GLMXTM,HY2HD8,2025-10-12
LPN-0000139,DEL-000221,700239,SNS1EQGOWR,AST-2KEBS1,GD1ZRU,2025-09-08
LPN-0000139,DEL-000221,700239,SNE46JZU3J,AST-JA37D5,GD1ZRU,2025-09-08
LPN-0000135,DEL-000089,700240,SNO747OY78,AST-UJXXUL,6FMZBH,2025-10-15
LPN-0000135,DEL-000089,700240,SNEHM5TRFP,AST-ATTHK3,6FMZBH,2025-10-15
LPN-0000122,DEL-000200,700241,SNICBPHNCL,AST-KSZYED,41SKLL,2025-09-20
LPN-0000122,DEL-000200,700241,SN5DIA8PH6,AST-CYO5NE,41SKLL,2025-09-20
LPN-0000003,DEL-000204,700242,SNOMKS20N9,AST-AP12C1,TG8PJM,2025-10-08
LPN-0000003,DEL-000204,700242,SN7E4WVR1X,AST-XGJTZ2,TG8PJM,2025-10-08
LPN-0000025,DEL-000081,700243,SN6U99EJ46,AST-5QRSCQ,YVBUOI,2025-08-13
LPN-0000025,DEL-000081,700243,SNZIES803O,AST-734PFL,YVBUOI,2025-08-13
LPN-0000081,DEL-000211,700244,SN5GUKO7P3,AST-L2F3LZ,YP1H0V,2025-09-06
LPN-0000081,DEL-000211,700244,SNVYINK5ES,AST-QN8BIT,YP1H0V,2025-09-06
LPN-0000081,DEL-000211,700244,SNUX9JMO0J,AST-MMFJVD,YP1H0V,2025-09-06
LPN-0000081,DEL-000211,700244,SNO29HNNMD,AST-0EXHQU,YP1H0V,2025-09-06
LPN-0000016,DEL-000155,700245,SN3025TA2E,AST-QE8JGN,TDTGWP,2025-10-10
LPN-0000016,DEL-000155,700245,SNT6F6MMSE,AST-Z140DE,TDTGWP,2025-10-10
LPN-0000016,DEL-000155,700245,SNJ2C2GE7R,AST-2FUED6,TDTGWP,2025-10-10
LPN-0000062,DEL-000186,700246,SNFIBYUV4K,AST-GHIH4T,2ER4NR,2025-09-22
LPN-0000062,DEL-000186,700246,SNADQ797RM,AST-1TSCL4,2ER4NR,2025-09-22
LPN-0000050,DEL-000135,700247,SN0NAGEL8D,AST-8LFF5X,O3260T,2025-09-16
LPN-0000050,DEL-000135,700247,SNI88NEOEK,AST-FTDYEH,O3260T,2025-09-16
LPN-0000134,DEL-000128,700248,SN4PN3VY0N,AST-C56PBV,JNM1IV,2025-10-11
LPN-0000187,DEL-000107,700249,SN2MQPJC8M,AST-AZQ4VG,IFUISQ,2025-08-20
LPN-0000187,DEL-000107,700249,SNVSKAL0AW,AST-CX2Z9H,IFUISQ,2025-08-20
LPN-0000187,DEL-000107,700249,SNKNHWR830,AST-IUQ16L,IFUISQ,2025-08-20
LPN-0000117,DEL-000036,700250,SNWL64UETH,AST-GPQNBZ,TVTV4A,2025-07-21
LPN-0000117,DEL-000036,700250,SNAPQMB9ZU,AST-48MSLD,TVTV4A,2025-07-21
LPN-0000206,DEL-000138,700251,SNOHCRK7UN,AST-RU6XV2,GIV25K,2025-08-23
LPN-0000206,DEL-000138,700251,SNSOPFRTU1,AST-CBTSFY,GIV25K,2025-08-23
LPN-0000061,DEL-000050,700252,SNNYSK67BN,AST-UN7WXE,H877H5,2025-09-13
LPN-0000061,DEL-000050,700252,SNTTWR4IA1,AST-7OP71N,H877H5,2025-09-13
LPN-0000061,DEL-000050,700252,SN9UAID5DA,AST-Z6S931,H877H5,2025-09-13
LPN-0000061,DEL-000050,700252,SN0J2TRU4E,AST-AC1BQ4,H877H5,2025-09-13
LPN-0000109,DEL-000062,700253,SNHF3RPYF4,AST-IJ1TY6,JOI1K9,2025-09-30
LPN-0000109,DEL-000062,700253,SNQMGNKFQV,AST-LRYP5S,JOI1K9,2025-09-30
LPN-0000109,DEL-000062,700253,SNPCEADKDP,AST-KQJTY9,JOI1K9,2025-09-30
LPN-0000109,DEL-000062,700253,SNJTFTE9JQ,AST-LYXI0B,JOI1K9,2025-09-30
LPN-0000109,DEL-000062,700253,SNKPJRX74C,AST-QQJ9YE,JOI1K9,2025-09-30
LPN-0000188,DEL-000137,700254,SNHNQ1YOG8,AST-FDVJX3,D3VD9I,2025-09-03
LPN-0000188,DEL-000137,700254,SNF06FHF14,AST-W0SRVD,D3VD9I,2025-09-03
LPN-0000188,DEL-000137,700254,SN5CWOZTQH,AST-YXEHYU,D3VD9I,2025-09-03
LPN-0000188,DEL-000137,700254,SNQPNUXZ45,AST-TENTD4,D3VD9I,2025-09-03
LPN-0000188,DEL-000137,700254,SN29W50HRY,AST-9RKX2D,D3VD9I,2025-09-03
LPN-0000059,DEL-000189,700255,SNRGT5I050,AST-P349KE,UQ57Q4,2025-10-03
LPN-0000059,DEL-000189,700255,SNWFYHBZ4H,AST-ON4GDG,UQ57Q4,2025-10-03
LPN-0000059,DEL-000189,700255,SN3DQLU6B5,AST-YAT095,UQ57Q4,2025-10-03
LPN-0000059,DEL-000189,700255,SN1GSXLNHL,AST-RWX19T,UQ57Q4,2025-10-03
LPN-0000059,DEL-000189,700255,SNH1LHMOQ4,AST-X2MUZE,UQ57Q4,2025-10-03
LPN-0000215,DEL-000035,700256,SNURZ1W3TS,AST-ER9T43,PPH5PU,2025-09-08
LPN-0000215,DEL-000035,700256,SNZ7K477ZP,AST-W5FI34,PPH5PU,2025-09-08
LPN-0000215,DEL-000035,700256,SN1FT5L3I8,AST-0JUKGU,PPH5PU,2025-09-08
LPN-0000215,DEL-000035,700256,SN1VIPAPGS,AST-8C454J,PPH5PU,2025-09-08
LPN-0000215,DEL-000035,700256,SNRHS1Y9ZY,AST-YPBPV5,PPH5PU,2025-09-08
LPN-0000107,DEL-000105,700257,SNBZA47CWW,AST-QUP7OA,0AQZTB,2025-10-17
LPN-0000107,DEL-000105,700257,SN4WPQHLQT,AST-6X3AVP,0AQZTB,2025-10-17
LPN-0000200,DEL-000061,700258,SN08QJAH8A,AST-E4C2GZ,U69LOT,2025-08-30
LPN-0000073,DEL-000166,700259,SNP36RRUG8,AST-O06DE9,18RT4V,2025-09-23
LPN-0000073,DEL-000166,700259,SNP4EXUODP,AST-8ZXWEV,18RT4V,2025-09-23
LPN-0000073,DEL-000166,700259,SNLPL0O58W,AST-R76IFX,18RT4V,2025-09-23
LPN-0000073,DEL-000166,700259,SN95BOGVCU,AST-ADMEK7,18RT4V,2025-09-23
LPN-0000073,DEL-000166,700259,SNY73D0GVU,AST-3QTJCV,18RT4V,2025-09-23
LPN-0000081,DEL-000205,700260,SNJ03WE5IF,AST-HB02K2,YP1H0V,2025-09-26
LPN-0000081,DEL-000205,700260,SNOYLWTG7E,AST-QBV4HG,YP1H0V,2025-09-26
LPN-0000081,DEL-000205,700260,SN4PQOD2AB,AST-2TPVRA,YP1H0V,2025-09-26
LPN-0000081,DEL-000205,700260,SN2X00OOZ6,AST-0PJP4G,YP1H0V,2025-09-26
LPN-0000165,DEL-000135,700261,SNVZSU3QN2,AST-5A110D,Z9FIRJ,2025-09-15
LPN-0000199,DEL-000050,700262,SNZVOZMQVS,AST-74G7QX,EA0NT9,2025-09-07
LPN-0000199,DEL-000050,700262,SNWCH5B19B,AST-ZALV5Q,EA0NT9,2025-09-07
LPN-0000117,DEL-000036,700263,SNCWKIE6MY,AST-XJJCE7,TVTV4A,2025-07-21
LPN-0000117,DEL-000036,700263,SN517AOZL9,AST-HPAZKB,TVTV4A,2025-07-21
LPN-0000228,DEL-000053,700264,SNJ4LIUXYF,AST-AV92DM,54O5KE,2025-09-23
LPN-0000228,DEL-000053,700264,SNVKOFUJHN,AST-BP6YOW,54O5KE,2025-09-23
LPN-0000236,DEL-000042,700265,SNACNPR8B1,AST-L8OGRL,F4M129,2025-10-12
LPN-0000236,DEL-000042,700265,SNUQJDK5AI,AST-GACNS6,F4M129,2025-10-12
LPN-0000236,DEL-000042,700265,SNWKVS0FFG,AST-MO7L78,F4M129,2025-10-12
LPN-0000194,DEL-000038,700266,SN25SGVBG6,AST-9L23E6,VTV095,2025-09-16
LPN-0000043,DEL-000173,700267,SNDUM4AW3S,AST-GC12BH,AE45F5,2025-09-01
LPN-0000128,DEL-000195,700268,SNIWSS2ZZV,AST-2XNEVR,CQJBI8,2025-09-13
LPN-0000128,DEL-000195,700268,SNYQF0JIP0,AST-1B447I,CQJBI8,2025-09-13
LPN-0000104,DEL-000144,700269,SNUJE9MHPX,AST-DWJ1OG,0Y062Z,2025-09-14
LPN-0000104,DEL-000144,700269,SNQ3ICI853,AST-EQ7DNP,0Y062Z,2025-09-14
LPN-0000104,DEL-000144,700269,SNM97KT0I1,AST-RO646X,0Y062Z,2025-09-14
LPN-0000093,DEL-000194,700270,SNA74CTD91,AST-FIHQ7U,649KIN,2025-09-03
LPN-0000093,DEL-000194,700270,SN7F2KT2MW,AST-POJSTN,649KIN,2025-09-03
LPN-0000093,DEL-000194,700270,SNUV11PMMK,AST-UYCSWM,649KIN,2025-09-03
LPN-0000093,DEL-000194,700270,SNWJLBT6MB,AST-ZE0PDE,649KIN,2025-09-03
LPN-0000069,DEL-000165,700271,SNLLPR4WYD,AST-PYWN7N,ZGRY5X,2025-09-07
LPN-0000117,DEL-000187,700272,SNPDFE41LM,AST-AXHVM9,TVTV4A,2025-10-16
LPN-0000117,DEL-000187,700272,SNJRTEYE1Q,AST-7BL8E4,TVTV4A,2025-10-16
LPN-0000117,DEL-000187,700272,SN0SKNQ83T,AST-TTG6LB,TVTV4A,2025-10-16
LPN-0000232,DEL-000100,700273,SN5U34MGCA,AST-NHQUEC,6CBEQO,2025-10-01
LPN-0000232,DEL-000100,700273,SNZ751A9LL,AST-89880T,6CBEQO,2025-10-01
LPN-0000182,DEL-000130,700274,SNPB0ASBIP,AST-NVD47A,PYASL4,2025-10-06
LPN-0000182,DEL-000130,700274,SNBECCB5TF,AST-G8FJJL,PYASL4,2025-10-06
LPN-0000182,DEL-000130,700274,SNH6XV8TIT,AST-1NJ8VE,PYASL4,2025-10-06
LPN-0000182,DEL-000130,700274,SN1L6U8JSS,AST-YHUWOU,PYASL4,2025-10-06
LPN-0000086,DEL-000010,700275,SNT39E33TF,AST-SCWPJ0,7T6JDE,2025-09-05
LPN-0000086,DEL-000010,700275,SNPOVT6ZR7,AST-B0CXYI,7T6JDE,2025-09-05
LPN-0000086,DEL-000010,700275,SNON2077O8,AST-YW3CWZ,7T6JDE,2025-09-05
LPN-0000172,DEL-000036,700276,SNOUQLZ75I,AST-TS1PRB,9JLRQB,2025-09-04
LPN-0000172,DEL-000036,700276,SNXWU3HLU7,AST-XVTDMK,9JLRQB,2025-09-04
LPN-0000149,DEL-000173,700277,SNNHMPF0RE,AST-ZNPZ1M,7PFVZY,2025-09-25
LPN-0000149,DEL-000173,700277,SN3P8LE700,AST-4YO73P,7PFVZY,2025-09-25
LPN-0000149,DEL-000173,700277,SNV3VYBUEK,AST-IZER3E,7PFVZY,2025-09-25
LPN-0000059,DEL-000061,700278,SNNY40BX7P,AST-QMAEL7,UQ57Q4,2025-10-03
LPN-0000059,DEL-000061,700278,SNWANMUKLT,AST-WIB5WF,UQ57Q4,2025-10-03
LPN-0000059,DEL-000061,700278,SN27V9XHH9,AST-87GK9H,UQ57Q4,2025-10-03
LPN-0000059,DEL-000061,700278,SN3LP149BF,AST-4WAWZG,UQ57Q4,2025-10-03
LPN-0000132,DEL-000175,700279,SNXI76CUF7,AST-NV23I3,YHW7NH,2025-08-30
LPN-0000132,DEL-000175,700279,SNNK3BGSWH,AST-O6YCTS,YHW7NH,2025-08-30
LPN-0000132,DEL-000175,700279,SND06972C7,AST-MJ52FK,YHW7NH,2025-08-30
LPN-0000132,DEL-000175,700279,SN12NZC5HS,AST-BWRF0S,YHW7NH,2025-08-30
LPN-0000124,DEL-000069,700280,SN6KD5FCKO,AST-79QO9V,HKDM72,2025-09-21
LPN-0000124,DEL-000069,700280,SNIM3O7QPO,AST-XIAZZZ,HKDM72,2025-09-21
LPN-0000124,DEL-000069,700280,SNREF57IT9,AST-WIP6OO,HKDM72,2025-09-21
LPN-0000239,DEL-000122,700281,SN41G1LNVK,AST-1KHSW6,ILCA1T,2025-10-16
LPN-0000009,DEL-000140,700282,SNT0Y64JMV,AST-KXV8OB,W5IFFJ,2025-08-06
LPN-0000042,DEL-000042,700283,SNQ9WDHSAF,AST-P7867V,CUCVCE,2025-10-12
LPN-0000042,DEL-000042,700283,SN5PNHNWIN,AST-LRF7UY,CUCVCE,2025-10-12
LPN-0000201,DEL-000025,700284,SN7UZXGNF6,AST-MRCQJC,V5X5WN,2025-09-27
LPN-0000201,DEL-000025,700284,SND9AVYFAT,AST-3988SN,V5X5WN,2025-09-27
LPN-0000201,DEL-000025,700284,SNNBF06772,AST-U4NYA3,V5X5WN,2025-09-27
LPN-0000201,DEL-000025,700284,SNOG4OSI4E,AST-C9XWNQ,V5X5WN,2025-09-27
LPN-0000148,DEL-000163,700285,SN86C637B8,AST-PDQ6TA,NPJQPL,2025-10-08
LPN-0000148,DEL-000163,700285,SNPQJNUTO8,AST-F7AFTI,NPJQPL,2025-10-08
LPN-0000148,DEL-000163,700285,SN8RC9ERER,AST-JFTF51,NPJQPL,2025-10-08
LPN-0000134,DEL-000071,700286,SNVVPQ3YBZ,AST-RP2U9O,JNM1IV,2025-10-11
LPN-0000134,DEL-000071,700286,SN473GHR5B,AST-CPKG1J,JNM1IV,2025-10-11
LPN-0000134,DEL-000071,700286,SNCOD3NEVY,AST-GTN5AX,JNM1IV,2025-10-11
LPN-0000041,DEL-000213,700287,SNKUHEUSUF,AST-OFN14Q,I4DIXJ,2025-09-10
LPN-0000041,DEL-000213,700287,SN3L2TLM1Q,AST-TCYXOE,I4DIXJ,2025-09-10
LPN-0000134,DEL-000189,700288,SNICFNGNCZ,AST-P1VPP5,JNM1IV,2025-10-15
LPN-0000134,DEL-000189,700288,SNZQ30A5MC,AST-BFX3H1,JNM1IV,2025-10-15
LPN-0000134,DEL-000189,700288,SN0PWE5WHN,AST-I85VBP,JNM1IV,2025-10-15
LPN-0000054,DEL-000122,700289,SNKZHS1C80,AST-H8H26C,H6R2WP,2025-08-28
LPN-0000054,DEL-000122,700289,SNPP9RWLZD,AST-KVS08D,H6R2WP,2025-08-28
LPN-0000054,DEL-000122,700289,SNTLHD8M7M,AST-OC2PTM,H6R2WP,2025-08-28
LPN-0000054,DEL-000122,700289,SN9SIUX1H1,AST-YJVN1N,H6R2WP,2025-08-28
LPN-0000054,DEL-000122,700289,SNDARIZBIZ,AST-E1M4S8,H6R2WP,2025-08-28
LPN-0000191,DEL-000177,700290,SNRC73BDU1,AST-X9583A,RUN242,2025-08-12
LPN-0000191,DEL-000177,700290,SNWMFPLA5M,AST-WZDX6N,RUN242,2025-08-12
LPN-0000221,DEL-000171,700291,SNN1DF1DNF,AST-SPPT5P,EWGBX1,2025-10-01
LPN-0000221,DEL-000171,700291,SNHQ4OQV7K,AST-NDQRPZ,EWGBX1,2025-10-01
LPN-0000002,DEL-000065,700292,SNLTYYBIJ8,AST-776GJS,O0H81X,2025-09-16
LPN-0000002,DEL-000065,700292,SNZ5Q372D1,AST-V4PALH,O0H81X,2025-09-16
LPN-0000002,DEL-000065,700292,SNFQ6ALV7I,AST-38X95Y,O0H81X,2025-09-16
LPN-0000081,DEL-000068,700293,SNZ66QPXJT,AST-W33GLJ,YP1H0V,2025-10-12
LPN-0000081,DEL-000068,700293,SN1107SL6R,AST-KR15HC,YP1H0V,2025-10-12
LPN-0000145,DEL-000220,700294,SNXJP0DGE4,AST-QNX6VO,RFNYJW,2025-10-11
LPN-0000100,DEL-000062,700295,SNOG2T01PX,AST-AWT4QL,OYTI1H,2025-09-30
LPN-0000100,DEL-000062,700295,SNCQM1CEST,AST-CHK5IL,OYTI1H,2025-09-30
LPN-0000155,DEL-000111,700296,SNI4I8T8Y4,AST-01NFHY,NH36C2,2025-10-08
LPN-0000085,DEL-000105,700297,SN9BLEQ2QR,AST-7QPNVM,DHAD0A,2025-10-17
LPN-0000085,DEL-000105,700297,SNGFA66BHY,AST-7MQZ31,DHAD0A,2025-10-17
LPN-0000022,DEL-000167,700298,SNBSL2MBYM,AST-QJJQ02,JT1R8Y,2025-09-23
LPN-0000022,DEL-000167,700298,SN5LWHZEML,AST-BNEI4O,JT1R8Y,2025-09-23
LPN-0000022,DEL-000167,700298,SN7WJ5SZ99,AST-MUQ6TM,JT1R8Y,2025-09-23
LPN-0000022,DEL-000167,700298,SNH6BVJV46,AST-L7YQGQ,JT1R8Y,2025-09-23
LPN-0000022,DEL-000167,700298,SN7KV6HW3G,AST-93UQYH,JT1R8Y,2025-09-23
LPN-0000031,DEL-000079,700299,SN9FEZUUPB,AST-B1E0WF,78RY2F,2025-10-16
LPN-0000031,DEL-000079,700299,SNPOVS7LTG,AST-HLND80,78RY2F,2025-10-16
LPN-0000031,DEL-000079,700299,SNWG9BEOBK,AST-KB5ZVT,78RY2F,2025-10-16
LPN-0000031,DEL-000079,700299,SN9L52ATS4,AST-81TP7K,78RY2F,2025-10-16
LPN-0000050,DEL-000176,700300,SNFIX6TF0B,AST-8PO5SF,O3260T,2025-08-01
LPN-0000050,DEL-000176,700300,SNGYS3ZYV0,AST-3E7DSB,O3260T,2025-08-01
LPN-0000050,DEL-000176,700300,SNANFZJQ1U,AST-K95NCV,O3260T,2025-08-01
LPN-0000050,DEL-000176,700300,SN8Y9JBGFX,AST-T8Y6E9,O3260T,2025-08-01
LPN-0000050,DEL-000176,700300,SN8GK6LO3C,AST-O3VBCL,O3260T,2025-08-01
LPN-0000223,DEL-000202,700301,SNDZ1G3XSS,AST-7R6JEH,YB3I9Y,2025-10-11
LPN-0000223,DEL-000202,700301,SN8B8HTKGV,AST-D4J134,YB3I9Y,2025-10-11
LPN-0000223,DEL-000202,700301,SNYH50HEB8,AST-TKC3CP,YB3I9Y,2025-10-11
LPN-0000223,DEL-000202,700301,SN10E3AP6T,AST-C09KCM,YB3I9Y,2025-10-11
LPN-0000223,DEL-000202,700301,SNDGJ6JHMD,AST-5MS8IW,YB3I9Y,2025-10-11
LPN-0000114,DEL-000105,700302,SNO10NA5WZ,AST-9I8BNQ,YVJV7Y,2025-10-17
LPN-0000114,DEL-000105,700302,SNUAOBSHMI,AST-UVZ2PK,YVJV7Y,2025-10-17
LPN-0000207,DEL-000089,700303,SN3ZOOD0X7,AST-PMQAOG,TNWR58,2025-10-06
LPN-0000207,DEL-000089,700303,SNPJDE6N18,AST-MUGJA8,TNWR58,2025-10-06
LPN-0000207,DEL-000089,700303,SNIP5GRWQT,AST-4SNAW5,TNWR58,2025-10-06
LPN-0000207,DEL-000089,700303,SNNBC07IDW,AST-7V8FH0,TNWR58,2025-10-06
LPN-0000207,DEL-000089,700303,SN1IIRXAW4,AST-DZ8SGM,TNWR58,2025-10-06
LPN-0000135,DEL-000162,700304,SN3SAWDELO,AST-5OJKIX,6FMZBH,2025-10-13
LPN-0000135,DEL-000162,700304,SNEIOGR1AM,AST-IQTWR4,6FMZBH,2025-10-13
LPN-0000135,DEL-000162,700304,SN917FDAHI,AST-8G4DNC,6FMZBH,2025-10-13
LPN-0000135,DEL-000162,700304,SNLEPP13NP,AST-BWNV75,6FMZBH,2025-10-13
LPN-0000135,DEL-000162,700304,SNR9NITZWG,AST-EHV9YX,6FMZBH,2025-10-13
LPN-0000009,DEL-000065,700305,SNVJ0QPJZ6,AST-U8D6S3,W5IFFJ,2025-09-02
LPN-0000009,DEL-000065,700305,SN4LF902EI,AST-600Y20,W5IFFJ,2025-09-02
LPN-0000009,DEL-000065,700305,SNX8AN9N9G,AST-7UXBYA,W5IFFJ,2025-09-02
LPN-0000009,DEL-000065,700305,SNYGTF80ZV,AST-VZXP6J,W5IFFJ,2025-09-02
LPN-0000009,DEL-000065,700305,SNDLC3R921,AST-BQPJ5V,W5IFFJ,2025-09-02
LPN-0000027,DEL-000054,700306,SNEL448DIM,AST-N00V6N,ILERVK,2025-09-13
LPN-0000204,DEL-000118,700307,SNCPTDI2S4,AST-AKJR5I,7Z2XEK,2025-09-06
LPN-0000204,DEL-000118,700307,SNLP6XBFC2,AST-TP2G55,7Z2XEK,2025-09-06
LPN-0000204,DEL-000118,700307,SN9JMD1299,AST-GZRSFS,7Z2XEK,2025-09-06
LPN-0000204,DEL-000118,700307,SN6OHI1NQB,AST-4IFGET,7Z2XEK,2025-09-06
LPN-0000204,DEL-000118,700307,SN3AR0ZNKN,AST-RJJ1NM,7Z2XEK,2025-09-06
LPN-0000122,DEL-000038,700308,SNID7SSQG6,AST-JW24CX,41SKLL,2025-09-16
LPN-0000122,DEL-000038,700308,SNNN3T1ZAE,AST-TZ08UV,41SKLL,2025-09-16
LPN-0000189,DEL-000116,700309,SNMAFRO6FP,AST-7G9PJJ,JU15Y8,2025-10-11
LPN-0000189,DEL-000116,700309,SNR8M28WAA,AST-72MG7T,JU15Y8,2025-10-11
LPN-0000072,DEL-000180,700310,SNY32FQW9I,AST-OEATE5,0XM2O8,2025-10-10
LPN-0000072,DEL-000180,700310,SNM9YXP7GH,AST-4UVNE3,0XM2O8,2025-10-10
LPN-0000072,DEL-000180,700310,SN3NL8G5YI,AST-JPDDZ5,0XM2O8,2025-10-10
LPN-0000072,DEL-000180,700310,SN0Q1A7IS4,AST-HIK4W4,0XM2O8,2025-10-10
LPN-0000224,DEL-000060,700311,SNUPF6TE0Z,AST-NCJSAT,3UIXUV,2025-09-08
LPN-0000042,DEL-000174,700312,SNCM4SSGQ3,AST-QQNWM9,CUCVCE,2025-10-16
LPN-0000042,DEL-000174,700312,SNA1I424ZL,AST-5BIFNT,CUCVCE,2025-10-16
LPN-0000042,DEL-000174,700312,SNLQO39NJM,AST-N32KGV,CUCVCE,2025-10-16
LPN-0000042,DEL-000174,700312,SN136PSA4C,AST-NUIXQU,CUCVCE,2025-10-16
LPN-0000042,DEL-000174,700312,SN1J5R2RDM,AST-3VKZZ2,CUCVCE,2025-10-16
LPN-0000075,DEL-000207,700313,SN17WPWUS2,AST-WNBEAY,ZC8ZLG,2025-08-20
LPN-0000075,DEL-000207,700313,SNR5XZ4ON8,AST-IBCXBK,ZC8ZLG,2025-08-20
LPN-0000075,DEL-000207,700313,SNE4AX7V31,AST-NUI4VT,ZC8ZLG,2025-08-20
LPN-0000075,DEL-000207,700313,SN9HGZM3SH,AST-D9QZNF,ZC8ZLG,2025-08-20
LPN-0000125,DEL-000222,700314,SNV9RHURH7,AST-YFI0Z7,HFZG79,2025-08-27
LPN-0000125,DEL-000222,700314,SNKHYW0ZU5,AST-BW56KN,HFZG79,2025-08-27
LPN-0000125,DEL-000222,700314,SNSJ0GZQKT,AST-D8X0W5,HFZG79,2025-08-27
LPN-0000125,DEL-000222,700314,SNB4FG5EYN,AST-8DEA00,HFZG79,2025-08-27
LPN-0000125,DEL-000222,700314,SNZDN6DMWK,AST-RZAIUM,HFZG79,2025-08-27
LPN-0000075,DEL-000216,700315,SN2LKT5GKQ,AST-M8Z8VX,ZC8ZLG,2025-09-21
LPN-0000075,DEL-000216,700315,SN2NW50KRK,AST-WS12SL,ZC8ZLG,2025-09-21
LPN-0000075,DEL-000216,700315,SNAHSY8YMQ,AST-B800IR,ZC8ZLG,2025-09-21
LPN-0000075,DEL-000216,700315,SNJTPPF7OX,AST-5I12RY,ZC8ZLG,2025-09-21
LPN-0000226,DEL-000196,700316,SNBE4Q35QC,AST-IJDHAD,91AA91,2025-08-20
LPN-0000021,DEL-000166,700317,SNBWBJLC39,AST-CQA271,H7TOGX,2025-09-18
LPN-0000021,DEL-000166,700317,SNIF5UME8M,AST-UFE029,H7TOGX,2025-09-18
LPN-0000084,DEL-000078,700318,SNSTBNL2MC,AST-ZHHP9M,9Q0G8E,2025-10-02
LPN-0000084,DEL-000078,700318,SNWYBW7X4Y,AST-KJ6HFK,9Q0G8E,2025-10-02
LPN-0000084,DEL-000078,700318,SNGJXOR1RA,AST-4JYHPR,9Q0G8E,2025-10-02
LPN-0000248,DEL-000075,700319,SNPAZURDTC,AST-5F1AMK,DJP76D,2025-07-29
LPN-0000248,DEL-000075,700319,SNB6YNZ9VN,AST-S7A95B,DJP76D,2025-07-29
LPN-0000120,DEL-000221,700320,SN2JR7UR61,AST-P824WH,TB6ERI,2025-09-08
LPN-0000120,DEL-000221,700320,SN7UOV8QBZ,AST-MRU6CT,TB6ERI,2025-09-08
LPN-0000120,DEL-000221,700320,SNTD1AFQZZ,AST-NCVIHQ,TB6ERI,2025-09-08
LPN-0000120,DEL-000221,700320,SN5J1GYRR3,AST-62RBYU,TB6ERI,2025-09-08
LPN-0000120,DEL-000221,700320,SN1VHVSTFA,AST-ZMFJ8N,TB6ERI,2025-09-08
LPN-0000007,DEL-000199,700321,SN9JMVGWUT,AST-NIOHDQ,OYDAPL,2025-09-06
LPN-0000007,DEL-000199,700321,SN4XPC7871,AST-SQFUTQ,OYDAPL,2025-09-06
LPN-0000007,DEL-000199,700321,SNYKHELQUK,AST-ZSJRYE,OYDAPL,2025-09-06
LPN-0000007,DEL-000199,700321,SN4ABRBXKI,AST-YVN90H,OYDAPL,2025-09-06
LPN-0000099,DEL-000154,700322,SNWYSU80XX,AST-8BCT6E,4KZ2VI,2025-07-22
LPN-0000099,DEL-000154,700322,SNP71DIDJJ,AST-ETQMQI,4KZ2VI,2025-07-22
LPN-0000099,DEL-000154,700322,SN3TCUOMXZ,AST-833VYY,4KZ2VI,2025-07-22
LPN-0000106,DEL-000036,700323,SNKN192AOV,AST-XMA2IB,LFXCGN,2025-07-11
LPN-0000106,DEL-000036,700323,SNCLSSQAIY,AST-ZVQQBS,LFXCGN,2025-07-11
LPN-0000106,DEL-000036,700323,SNN3Y9FWPW,AST-NLTETG,LFXCGN,2025-07-11
LPN-0000106,DEL-000036,700323,SNN9RSEFYJ,AST-9N0I81,LFXCGN,2025-07-11
LPN-0000051,DEL-000061,700324,SNLGN9MRQJ,AST-82OBCZ,BF64ZG,2025-08-31
LPN-0000051,DEL-000061,700324,SN1WT5HJQC,AST-VGDRBO,BF64ZG,2025-08-31
LPN-0000051,DEL-000061,700324,SNLFMXGTJL,AST-EUK3QN,BF64ZG,2025-08-31
LPN-0000051,DEL-000061,700324,SNRTTI6HH9,AST-LRK7I0,BF64ZG,2025-08-31
LPN-0000077,DEL-000011,700325,SNAEB0CQV9,AST-80VKAJ,24UCEO,2025-10-05
LPN-0000110,DEL-000083,700326,SN1SPMZ6ED,AST-IVFW05,XZIK19,2025-09-18
LPN-0000110,DEL-000083,700326,SN5OTDK7AB,AST-Z331C7,XZIK19,2025-09-18
LPN-0000110,DEL-000083,700326,SNMAB3ZVAX,AST-KUK6CY,XZIK19,2025-09-18
LPN-0000110,DEL-000083,700326,SN78K0TKKR,AST-DL1AP0,XZIK19,2025-09-18
LPN-0000110,DEL-000083,700326,SNNKQIWQM2,AST-WCC797,XZIK19,2025-09-18
LPN-0000131,DEL-000150,700327,SN8KU7U2GM,AST-FM6B2Z,5QTOCM,2025-09-07
LPN-0000131,DEL-000150,700327,SNYHLV5P9T,AST-R2CRFZ,5QTOCM,2025-09-07
LPN-0000012,DEL-000154,700328,SNOSX4DTTN,AST-2ZA427,BMGKX6,2025-08-15
LPN-0000012,DEL-000154,700328,SNEGBFEKR6,AST-LHCUHY,BMGKX6,2025-08-15
LPN-0000183,DEL-000077,700329,SNY9Y1OFIX,AST-45BZLE,5T6CIG,2025-09-10
LPN-0000183,DEL-000077,700329,SN8TC82KVD,AST-E4KPSB,5T6CIG,2025-09-10
LPN-0000183,DEL-000077,700329,SNPXAITUAN,AST-MKNGWP,5T6CIG,2025-09-10
LPN-0000223,DEL-000059,700330,SNCUL13D8H,AST-FKFFDJ,YB3I9Y,2025-08-05
LPN-0000223,DEL-000059,700330,SNHLNA7JUQ,AST-FR2JPG,YB3I9Y,2025-08-05
LPN-0000223,DEL-000059,700330,SNDZ8T2DXE,AST-FZWGUK,YB3I9Y,2025-08-05
LPN-0000223,DEL-000059,700330,SN0W1CMM8K,AST-29FPOG,YB3I9Y,2025-08-05
LPN-0000172,DEL-000141,700331,SNXI5VE0C1,AST-QEN7QW,9JLRQB,2025-09-22
LPN-0000172,DEL-000141,700331,SN5SZX94H3,AST-QJI8TG,9JLRQB,2025-09-22
LPN-0000172,DEL-000141,700331,SNIGQPT8Z7,AST-QI3GC4,9JLRQB,2025-09-22
LPN-0000172,DEL-000141,700331,SNXZNH8Z95,AST-LUWWND,9JLRQB,2025-09-22
LPN-0000172,DEL-000141,700331,SNR5RPWMM7,AST-VU4QJ9,9JLRQB,2025-09-22
LPN-0000074,DEL-000036,700332,SNKW1BYLFU,AST-TXMS9C,NKXTR8,2025-10-07
LPN-0000074,DEL-000036,700332,SNPZJBY08Y,AST-BUULCD,NKXTR8,2025-10-07
LPN-0000074,DEL-000036,700332,SNXIBSNQJN,AST-A25ZDO,NKXTR8,2025-10-07
LPN-0000074,DEL-000036,700332,SN1Y1NJLQR,AST-JI7EFM,NKXTR8,2025-10-07
LPN-0000074,DEL-000036,700332,SNB4MOWMB0,AST-SZ767G,NKXTR8,2025-10-07
LPN-0000248,DEL-000050,700333,SN65CXOWOT,AST-E3J1HB,DJP76D,2025-10-07
LPN-0000248,DEL-000050,700333,SNE0OOKNH7,AST-3A44US,DJP76D,2025-10-07
LPN-0000248,DEL-000050,700333,SNRLFPL0WO,AST-FZUAEX,DJP76D,2025-10-07
LPN-0000248,DEL-000050,700333,SNRA60ET1T,AST-9EEMND,DJP76D,2025-10-07
LPN-0000248,DEL-000050,700333,SNLC8QDE11,AST-NZ8M8C,DJP76D,2025-10-07
LPN-0000053,DEL-000151,700334,SN7Z2UJD0N,AST-FM2S6V,MEZ4E3,2025-10-15
LPN-0000053,DEL-000151,700334,SNZWBHTRVZ,AST-S3LK63,MEZ4E3,2025-10-15
LPN-0000053,DEL-000151,700334,SNSINHCOU2,AST-9QKWTJ,MEZ4E3,2025-10-15
LPN-0000053,DEL-000151,700334,SNWED134O8,AST-147ILN,MEZ4E3,2025-10-15
LPN-0000143,DEL-000089,700335,SNIXP5Z89B,AST-WWVIA3,FBQ9VP,2025-09-04
LPN-0000143,DEL-000089,700335,SNTGO08OFR,AST-X221SY,FBQ9VP,2025-09-04
LPN-0000109,DEL-000120,700336,SNIDD8B3D0,AST-C09IJH,JOI1K9,2025-10-16
LPN-0000109,DEL-000120,700336,SNO6OGLW8X,AST-V6IZUU,JOI1K9,2025-10-16
LPN-0000059,DEL-000059,700337,SNPLE29MBJ,AST-W7WDNV,UQ57Q4,2025-10-03
LPN-0000059,DEL-000059,700337,SNUIAL4730,AST-21QSJ3,UQ57Q4,2025-10-03
LPN-0000238,DEL-000152,700338,SNII3RIJWM,AST-8JCWX6,GZXZ3J,2025-09-27
LPN-0000034,DEL-000008,700339,SNE1R8SXK7,AST-T4QSKD,CISP7F,2025-08-29
LPN-0000034,DEL-000008,700339,SNE6JWT61L,AST-DNJX6F,CISP7F,2025-08-29
LPN-0000034,DEL-000008,700339,SNUGGIFV0F,AST-EMF7LT,CISP7F,2025-08-29
LPN-0000034,DEL-000008,700339,SNM5DGHZNF,AST-KSI4SI,CISP7F,2025-08-29
LPN-0000249,DEL-000178,700340,SNH8BX29PV,AST-AB47FN,DXM0DB,2025-08-29
LPN-0000249,DEL-000178,700340,SN9JLENDLU,AST-UX07L9,DXM0DB,2025-08-29
LPN-0000249,DEL-000178,700340,SNZY7O32CL,AST-QDO76P,DXM0DB,2025-08-29
LPN-0000228,DEL-000134,700341,SNBE6647U9,AST-7SRS3Q,54O5KE,2025-09-23
LPN-0000228,DEL-000134,700341,SN0D20YW28,AST-2M1O2F,54O5KE,2025-09-23
LPN-0000228,DEL-000134,700341,SNU7IM0WT6,AST-KJ6CLM,54O5KE,2025-09-23
LPN-0000228,DEL-000134,700341,SNTKQVGPGE,AST-VZ4PFP,54O5KE,2025-09-23
LPN-0000023,DEL-000135,700342,SN9WPUXJ3C,AST-PVPV10,K4MQVO,2025-08-29
LPN-0000218,DEL-000029,700343,SN873OJFYN,AST-ME23UC,OT0X7D,2025-10-14
LPN-0000218,DEL-000029,700343,SNRRL0N9UC,AST-5EPBRT,OT0X7D,2025-10-14
LPN-0000218,DEL-000029,700343,SNWQHLMHQN,AST-VY2GKT,OT0X7D,2025-10-14
LPN-0000213,DEL-000093,700344,SNG1DLHW70,AST-F4PY1E,DGI431,2025-10-18
LPN-0000241,DEL-000075,700345,SN3JX4AG3W,AST-PZH1D3,9FKHPT,2025-07-25
LPN-0000241,DEL-000075,700345,SNGLV5IBSQ,AST-AXVCFA,9FKHPT,2025-07-25
LPN-0000241,DEL-000075,700345,SN362H8GGE,AST-LWAREI,9FKHPT,2025-07-25
LPN-0000241,DEL-000075,700345,SN4QD69N4D,AST-91J9B9,9FKHPT,2025-07-25
LPN-0000241,DEL-000075,700345,SNEM597X5E,AST-8TNP1A,9FKHPT,2025-07-25
LPN-0000199,DEL-000169,700346,SNYHI5Y4B6,AST-AOGXDI,EA0NT9,2025-09-07
LPN-0000199,DEL-000169,700346,SNQROAFGKU,AST-JXYUWA,EA0NT9,2025-09-07
LPN-0000199,DEL-000169,700346,SNVVNL1PDB,AST-YYGCVG,EA0NT9,2025-09-07
LPN-0000217,DEL-000113,700347,SN1I6SDFLO,AST-IMF77K,YMND9D,2025-10-13
LPN-0000217,DEL-000113,700347,SN4AIONX75,AST-HILU7S,YMND9D,2025-10-13
LPN-0000217,DEL-000113,700347,SNXUJIM2M3,AST-7L496J,YMND9D,2025-10-13
LPN-0000145,DEL-000027,700348,SN9XXDACFE,AST-2V07UR,RFNYJW,2025-08-28
LPN-0000145,DEL-000027,700348,SNEPUP52OK,AST-CTUP6U,RFNYJW,2025-08-28
LPN-0000112,DEL-000190,700349,SN2XK6C8SS,AST-HQ38AQ,KJK0Y2,2025-09-23
LPN-0000112,DEL-000190,700349,SNCHYBTTUS,AST-R0NNYL,KJK0Y2,2025-09-23
LPN-0000196,DEL-000133,700350,SNU285YJWI,AST-BRODYV,LLGXE7,2025-08-21
LPN-0000196,DEL-000133,700350,SNUGMO2GAT,AST-A2V5FC,LLGXE7,2025-08-21
LPN-0000196,DEL-000133,700350,SNQFJH9VFE,AST-DYK5IJ,LLGXE7,2025-08-21
LPN-0000243,DEL-000054,700351,SNZDCPNW1A,AST-6VVK7A,3K55W4,2025-08-25
LPN-0000243,DEL-000054,700351,SNP78UE4VE,AST-PHSWG0,3K55W4,2025-08-25
LPN-0000243,DEL-000054,700351,SN2JLBZHU3,AST-3B4G6S,3K55W4,2025-08-25
LPN-0000243,DEL-000054,700351,SN92WNGR0G,AST-CECA8I,3K55W4,2025-08-25
LPN-0000243,DEL-000054,700351,SNYKMW0DYD,AST-ZCKM3V,3K55W4,2025-08-25
LPN-0000080,DEL-000155,700352,SN0XQANYX1,AST-AQDR8H,XQX14A,2025-10-10
LPN-0000080,DEL-000155,700352,SNSBOD2OUK,AST-8PN8F8,XQX14A,2025-10-10
LPN-0000080,DEL-000155,700352,SNNUZ3Y36H,AST-OQED58,XQX14A,2025-10-10
LPN-0000169,DEL-000161,700353,SNJM62ROKC,AST-CQUW5D,LO9W2V,2025-10-17
LPN-0000169,DEL-000161,700353,SN6MAICIS1,AST-3VV5TI,LO9W2V,2025-10-17
LPN-0000169,DEL-000161,700353,SNOD9HQHJJ,AST-F28QYE,LO9W2V,2025-10-17
LPN-0000089,DEL-000099,700354,SNBCRL4CDI,AST-V9RT0J,K1ZEKQ,2025-10-13
LPN-0000089,DEL-000099,700354,SNHEIT3GVJ,AST-UBP33Y,K1ZEKQ,2025-10-13
LPN-0000089,DEL-000099,700354,SNHI6XI1L5,AST-HTU4TV,K1ZEKQ,2025-10-13
LPN-0000089,DEL-000099,700354,SN45SHP8SB,AST-QVJXNP,K1ZEKQ,2025-10-13
LPN-0000213,DEL-000157,700355,SNBW834E46,AST-U50894,DGI431,2025-08-14
LPN-0000213,DEL-000157,700355,SN9NJL9AHY,AST-6MRMXS,DGI431,2025-08-14
LPN-0000213,DEL-000157,700355,SNXKBTR7LQ,AST-NP02YQ,DGI431,2025-08-14
LPN-0000204,DEL-000176,700356,SN749S5UIA,AST-LJ85KK,7Z2XEK,2025-09-22
LPN-0000214,DEL-000128,700357,SNMP9E17E1,AST-NANYTO,9BZZ99,2025-09-25
LPN-0000214,DEL-000128,700357,SNGGCRK13M,AST-AVZWVR,9BZZ99,2025-09-25
LPN-0000214,DEL-000128,700357,SN9FQ5SVES,AST-JAY1C5,9BZZ99,2025-09-25
LPN-0000214,DEL-000128,700357,SN1SZWCYBM,AST-MQ1U25,9BZZ99,2025-09-25
LPN-0000004,DEL-000014,700358,SNW7PS4ODE,AST-9ZLX7K,L8FY9J,2025-07-21
LPN-0000102,DEL-000040,700359,SN1FGK6VWF,AST-KB0JAU,U5QF8O,2025-09-11
LPN-0000027,DEL-000024,700360,SNCDCHSFGE,AST-BRXPLH,ILERVK,2025-08-13
LPN-0000027,DEL-000024,700360,SNCRACURVB,AST-3ZRZ07,ILERVK,2025-08-13
LPN-0000027,DEL-000024,700360,SNSK839I5K,AST-US6HJV,ILERVK,2025-08-13
LPN-0000027,DEL-000024,700360,SNM5J9JYHN,AST-4KP27D,ILERVK,2025-08-13
LPN-0000066,DEL-000187,700361,SNWZD5NML1,AST-DKSCV9,WCZ0DZ,2025-09-03
LPN-0000088,DEL-000119,700362,SNFIQA9OM2,AST-QLOLZU,FG9OIJ,2025-10-13
LPN-0000088,DEL-000119,700362,SNZU93GNKI,AST-HNZDPY,FG9OIJ,2025-10-13
LPN-0000088,DEL-000119,700362,SNR316EBFB,AST-1I8CFO,FG9OIJ,2025-10-13
LPN-0000088,DEL-000119,700362,SNY4VCQM2C,AST-QG4N7S,FG9OIJ,2025-10-13
LPN-0000088,DEL-000119,700362,SNSNXC1P9G,AST-MAPJMF,FG9OIJ,2025-10-13
LPN-0000054,DEL-000125,700363,SNF9M590JE,AST-BK501W,H6R2WP,2025-09-28
LPN-0000054,DEL-000125,700363,SNCDH7UGWL,AST-17CMGN,H6R2WP,2025-09-28
LPN-0000054,DEL-000125,700363,SNYAN0LMR1,AST-4K8ITV,H6R2WP,2025-09-28
LPN-0000020,DEL-000192,700364,SN93CDRXRH,AST-DFE1R1,94Q7NT,2025-08-27
LPN-0000020,DEL-000192,700364,SN9XN560HJ,AST-K4J1XN,94Q7NT,2025-08-27
LPN-0000020,DEL-000192,700364,SN50EBE64P,AST-UEP97B,94Q7NT,2025-08-27
LPN-0000238,DEL-000084,700365,SNWKL6U1VP,AST-NVATGI,GZXZ3J,2025-08-22
LPN-0000238,DEL-000084,700365,SNIVD4G5F5,AST-73V89J,GZXZ3J,2025-08-22
LPN-0000220,DEL-000189,700366,SNSCFKOG50,AST-G782V7,GN7MWQ,2025-08-15
LPN-0000074,DEL-000055,700367,SNIU19RENP,AST-M6UFKV,NKXTR8,2025-10-07
LPN-0000068,DEL-000166,700368,SN7D9VXUNF,AST-XK17VD,MA4KGM,2025-09-18
LPN-0000068,DEL-000166,700368,SNGT9QBL4Q,AST-76Y0S1,MA4KGM,2025-09-18
LPN-0000068,DEL-000166,700368,SNZTLGZVEY,AST-L4Z807,MA4KGM,2025-09-18
LPN-0000246,DEL-000174,700369,SNFIH5F8B1,AST-T1KKT6,F86FSY,2025-10-16
LPN-0000246,DEL-000174,700369,SNIEL68MN0,AST-5036WW,F86FSY,2025-10-16
LPN-0000245,DEL-000190,700370,SN83UZ9LC7,AST-F3XSR8,UJOTVC,2025-09-23
LPN-0000245,DEL-000190,700370,SNUMHYM105,AST-64RVXH,UJOTVC,2025-09-23
LPN-0000004,DEL-000034,700371,SN4PTFS3A5,AST-MJTEW1,L8FY9J,2025-09-12
LPN-0000248,DEL-000218,700372,SNEZFAVQ4A,AST-AUFSW6,DJP76D,2025-09-24
LPN-0000248,DEL-000218,700372,SNONQZPTO9,AST-BU0UXT,DJP76D,2025-09-24
LPN-0000170,DEL-000043,700373,SN637KOBOT,AST-D7JT0I,GJTOA2,2025-09-13
LPN-0000170,DEL-000043,700373,SNVTN6B399,AST-GWXZ4G,GJTOA2,2025-09-13
LPN-0000170,DEL-000043,700373,SNDD2RJEVH,AST-RXI9DV,GJTOA2,2025-09-13
LPN-0000170,DEL-000043,700373,SNDV5T2K81,AST-IIOUOG,GJTOA2,2025-09-13
LPN-0000085,DEL-000096,700374,SNJBU3ZM3L,AST-DZRWAV,DHAD0A,2025-09-29
LPN-0000085,DEL-000096,700374,SN36SL8ZNO,AST-ESMFCA,DHAD0A,2025-09-29
LPN-0000156,DEL-000065,700375,SN6LCC2BOF,AST-0HEFIH,XFAOSJ,2025-10-05
LPN-0000156,DEL-000065,700375,SN7U0SLQD8,AST-XCG57X,XFAOSJ,2025-10-05
LPN-0000156,DEL-000065,700375,SNYGXLODAA,AST-DL9G0G,XFAOSJ,2025-10-05
LPN-0000156,DEL-000065,700375,SNSZY5KJ0K,AST-QGCLVZ,XFAOSJ,2025-10-05
LPN-0000016,DEL-000164,700376,SN2SATJ9N7,AST-KQUV0T,TDTGWP,2025-09-18
LPN-0000016,DEL-000164,700376,SNIBW4UPHS,AST-9E6RZZ,TDTGWP,2025-09-18
LPN-0000016,DEL-000164,700376,SNPU7KNZ69,AST-X9ID6S,TDTGWP,2025-09-18
LPN-0000016,DEL-000164,700376,SNJY8F7GE3,AST-7T6J62,TDTGWP,2025-09-18
LPN-0000072,DEL-000088,700377,SNRQ7XFTP5,AST-RC2M1S,0XM2O8,2025-10-10
LPN-0000072,DEL-000088,700377,SN1OBEEZHD,AST-OSMV8M,0XM2O8,2025-10-10
LPN-0000072,DEL-000088,700377,SN9FDWJQJO,AST-K1CX5O,0XM2O8,2025-10-10
LPN-0000072,DEL-000088,700377,SNONV0FXJ8,AST-E1RD63,0XM2O8,2025-10-10
LPN-0000072,DEL-000088,700377,SNMZD04WF9,AST-LFH226,0XM2O8,2025-10-10
LPN-0000082,DEL-000105,700378,SNRK1C0RCB,AST-7G7K34,20G9EP,2025-10-17
LPN-0000082,DEL-000105,700378,SN675C2YUS,AST-6P8UXW,20G9EP,2025-10-17
LPN-0000082,DEL-000105,700378,SN2AOG4WR8,AST-8H7WMF,20G9EP,2025-10-17
LPN-0000172,DEL-000077,700379,SNKUKY2KZ3,AST-744OFN,9JLRQB,2025-09-04
LPN-0000192,DEL-000092,700380,SNPD54RSTM,AST-Q4ZTHX,6TL4KT,2025-09-19
LPN-0000129,DEL-000218,700381,SNZL85CSMD,AST-GOZQ29,H16W7A,2025-09-24
LPN-0000129,DEL-000218,700381,SN0XCZKUYQ,AST-GP447E,H16W7A,2025-09-24
LPN-0000129,DEL-000218,700381,SN6GS64Z80,AST-HNXJC0,H16W7A,2025-09-24
LPN-0000042,DEL-000209,700382,SNPKPUSNNZ,AST-JAMSKI,CUCVCE,2025-09-08
LPN-0000042,DEL-000209,700382,SNEIXCYUXH,AST-01ZLKR,CUCVCE,2025-09-08
LPN-0000042,DEL-000209,700382,SN38YDYL4V,AST-JDRU6L,CUCVCE,2025-09-08
LPN-0000141,DEL-000128,700383,SNSREYOSNS,AST-VC7IBX,R72UI8,2025-10-16
LPN-0000195,DEL-000223,700384,SNKLXK58KP,AST-ELY6KJ,KLNOZM,2025-10-10
LPN-0000195,DEL-000223,700384,SNXW1P7DEG,AST-HC4V3R,KLNOZM,2025-10-10
LPN-0000216,DEL-000210,700385,SNSJENRUD7,AST-U3SQ6N,XFZY31,2025-09-13
LPN-0000216,DEL-000210,700385,SNLNM0ZLS6,AST-KL1RHT,XFZY31,2025-09-13
LPN-0000216,DEL-000210,700385,SN045P424Y,AST-Y8V5HU,XFZY31,2025-09-13
LPN-0000056,DEL-000177,700386,SNRO6GJYQQ,AST-GNSAE1,V8AUP7,2025-10-09
LPN-0000056,DEL-000177,700386,SNXAFNBIXR,AST-Z8TND2,V8AUP7,2025-10-09
LPN-0000188,DEL-000202,700387,SNURYMK5S9,AST-L6F1FF,D3VD9I,2025-09-14
LPN-0000188,DEL-000202,700387,SNWOETF7YY,AST-7MOSXH,D3VD9I,2025-09-14
LPN-0000129,DEL-000039,700388,SNU995ISUI,AST-R3W4XM,H16W7A,2025-09-04
LPN-0000129,DEL-000039,700388,SN9SP349OQ,AST-3Y1UFE,H16W7A,2025-09-04
LPN-0000114,DEL-000020,700389,SNYOQEOD1Y,AST-G4REBK,YVJV7Y,2025-10-15
LPN-0000028,DEL-000021,700390,SNNMU626YX,AST-HB0I9I,VJN99C,2025-08-19
LPN-0000028,DEL-000021,700390,SNL5MUK44U,AST-Q930PI,VJN99C,2025-08-19
LPN-0000028,DEL-000021,700390,SNJBVAE2K9,AST-BPLLKN,VJN99C,2025-08-19
LPN-0000028,DEL-000021,700390,SN9QUGEQ7D,AST-84AS2F,VJN99C,2025-08-19
LPN-0000151,DEL-000162,700391,SNN26HHDR2,AST-VOJLW8,EAPM7R,2025-09-03
LPN-0000151,DEL-000162,700391,SN5W77BBIG,AST-V9IEJ6,EAPM7R,2025-09-03
LPN-0000151,DEL-000162,700391,SNIV3J1OSG,AST-FWQRP0,EAPM7R,2025-09-03
LPN-0000208,DEL-000192,700392,SN1AQC7XYJ,AST-BRISVR,Z9ZNG2,2025-08-24
LPN-0000208,DEL-000192,700392,SNQM8X4A7Z,AST-CFXU37,Z9ZNG2,2025-08-24
LPN-0000208,DEL-000192,700392,SN7C31WOZU,AST-W41T2C,Z9ZNG2,2025-08-24
LPN-0000208,DEL-000192,700392,SNPI6PNRQE,AST-2K4XRU,Z9ZNG2,2025-08-24
LPN-0000172,DEL-000107,700393,SNBI4NGH5Y,AST-VONPLW,9JLRQB,2025-09-04
LPN-0000172,DEL-000107,700393,SN71YVK7D8,AST-KGHKE0,9JLRQB,2025-09-04
LPN-0000030,DEL-000102,700394,SN64OWZBWZ,AST-9WRIEQ,6TMWLQ,2025-08-16
LPN-0000030,DEL-000102,700394,SNI548SXVB,AST-CE705D,6TMWLQ,2025-08-16
LPN-0000030,DEL-000102,700394,SN6B2W5DTO,AST-19NZUS,6TMWLQ,2025-08-16
LPN-0000030,DEL-000102,700394,SNQ0ZLEXSO,AST-TT2L84,6TMWLQ,2025-08-16
LPN-0000144,DEL-000104,700395,SNR72ZQVQP,AST-6Q8YDW,5BKFQJ,2025-07-28
LPN-0000144,DEL-000104,700395,SNT12NEII3,AST-RXAJRJ,5BKFQJ,2025-07-28
LPN-0000144,DEL-000104,700395,SNR6Y72WWU,AST-69N0MR,5BKFQJ,2025-07-28
LPN-0000015,DEL-000054,700396,SN42XYKLFW,AST-YPQGHY,QVUQU3,2025-10-04
LPN-0000015,DEL-000054,700396,SNH6SVFEGF,AST-TI5G5D,QVUQU3,2025-10-04
LPN-0000015,DEL-000054,700396,SN6UP19IZR,AST-F0SEK0,QVUQU3,2025-10-04
LPN-0000181,DEL-000081,700397,SNRQWYQRHF,AST-ZMZ0OB,89TMU9,2025-09-03
LPN-0000181,DEL-000081,700397,SN6P1PYKBD,AST-R11HJQ,89TMU9,2025-09-03
LPN-0000181,DEL-000081,700397,SN38508I13,AST-J5D4TP,89TMU9,2025-09-03
LPN-0000181,DEL-000081,700397,SN7S651E7R,AST-RY1Y70,89TMU9,2025-09-03
LPN-0000007,DEL-000098,700398,SNE9SJ3B2H,AST-OPJ33R,OYDAPL,2025-09-16
LPN-0000007,DEL-000098,700398,SNAURHS5WA,AST-760GRA,OYDAPL,2025-09-16
LPN-0000007,DEL-000098,700398,SN6FWB7CNU,AST-KIQCS4,OYDAPL,2025-09-16
LPN-0000007,DEL-000098,700398,SNQFADT59Z,AST-R8951R,OYDAPL,2025-09-16
LPN-0000007,DEL-000098,700398,SN1K4KYJTN,AST-658CTT,OYDAPL,2025-09-16
LPN-0000203,DEL-000217,700399,SNNXISW5X8,AST-OZKHJJ,ZZPUY4,2025-10-06
LPN-0000203,DEL-000217,700399,SNN5GFXEJ0,AST-Q7SYNZ,ZZPUY4,2025-10-06
LPN-0000203,DEL-000217,700399,SNDA909111,AST-2DPORD,ZZPUY4,2025-10-06
LPN-0000241,DEL-000045,700400,SNS6D5VQ4J,AST-Z9E26X,9FKHPT,2025-10-16
LPN-0000186,DEL-000146,700401,SNOGWNTNGA,AST-R2P7PL,2JC5JJ,2025-10-07
LPN-0000186,DEL-000146,700401,SNSKIPPQ2Y,AST-4GTMRW,2JC5JJ,2025-10-07
LPN-0000186,DEL-000146,700401,SNJ5GUMLZ0,AST-IKNXQR,2JC5JJ,2025-10-07
LPN-0000031,DEL-000148,700402,SN7HPHG0D1,AST-IJM527,78RY2F,2025-10-16
LPN-0000031,DEL-000148,700402,SN4NWQ0NQQ,AST-1F07HA,78RY2F,2025-10-16
LPN-0000031,DEL-000148,700402,SN0KFERWLL,AST-6WCEUX,78RY2F,2025-10-16
LPN-0000031,DEL-000148,700402,SNCJ46OYBE,AST-GYX7RT,78RY2F,2025-10-16
LPN-0000212,DEL-000108,700403,SNNEE07S55,AST-ZW9OA2,TRGTUR,2025-10-15
LPN-0000212,DEL-000108,700403,SNKL0LGCG8,AST-MBYHZH,TRGTUR,2025-10-15
LPN-0000212,DEL-000108,700403,SN3VC51UEE,AST-M0QS6Y,TRGTUR,2025-10-15
LPN-0000212,DEL-000108,700403,SN7D3DTQ1Q,AST-M4YA3C,TRGTUR,2025-10-15
LPN-0000193,DEL-000116,700404,SNG1QP0J5G,AST-WSB4TG,J1K795,2025-10-11
LPN-0000193,DEL-000116,700404,SNRN1AIR25,AST-EDA2R4,J1K795,2025-10-11
LPN-0000142,DEL-000029,700405,SNW670I18L,AST-RM9OLP,2DE6MQ,2025-10-14
LPN-0000142,DEL-000029,700405,SNFYZ9NEP3,AST-KSEW15,2DE6MQ,2025-10-14
LPN-0000085,DEL-000178,700406,SNWSZMMZ7L,AST-4XS7C0,DHAD0A,2025-08-17
LPN-0000085,DEL-000178,700406,SNJWJUPCDY,AST-RI7UFV,DHAD0A,2025-08-17
LPN-0000085,DEL-000178,700406,SNDXXXQ76L,AST-RVOMEN,DHAD0A,2025-08-17
LPN-0000085,DEL-000178,700406,SN00ANAEYT,AST-7AWCL8,DHAD0A,2025-08-17
LPN-0000053,DEL-000162,700407,SNBDRR4HO7,AST-GLP62U,MEZ4E3,2025-07-17
LPN-0000053,DEL-000162,700407,SNP8VTI76J,AST-VGEKNJ,MEZ4E3,2025-07-17
LPN-0000053,DEL-000162,700407,SNQK1QJB6M,AST-907IIG,MEZ4E3,2025-07-17
LPN-0000028,DEL-000094,700408,SNDZ4BY4VI,AST-9AC2LD,VJN99C,2025-08-26
LPN-0000239,DEL-000084,700409,SNM9W5OUTR,AST-5A578Z,ILCA1T,2025-09-23
LPN-0000239,DEL-000084,700409,SNRQLDBFZ6,AST-6EUHPD,ILCA1T,2025-09-23
LPN-0000239,DEL-000084,700409,SN4I7T7H8I,AST-DJK42V,ILCA1T,2025-09-23
LPN-0000062,DEL-000170,700410,SNZIOUJ4HA,AST-AH3S0F,2ER4NR,2025-09-03
LPN-0000062,DEL-000170,700410,SNY42Y4FB2,AST-F4ZW1C,2ER4NR,2025-09-03
LPN-0000062,DEL-000170,700410,SNE84OSDMK,AST-HVSHP6,2ER4NR,2025-09-03
LPN-0000062,DEL-000170,700410,SNTZ3VV4WD,AST-E7HO99,2ER4NR,2025-09-03
LPN-0000062,DEL-000170,700410,SNJFW8BOVY,AST-WCK6R8,2ER4NR,2025-09-03
LPN-0000096,DEL-000085,700411,SNRG7D024P,AST-4O3VLS,4NK34O,2025-10-17
LPN-0000002,DEL-000166,700412,SNIPT7HSVT,AST-560G73,O0H81X,2025-09-18
LPN-0000002,DEL-000166,700412,SNQ36QYXVL,AST-Y2I6Z9,O0H81X,2025-09-18
LPN-0000002,DEL-000166,700412,SN80ZA7TQS,AST-3X66S8,O0H81X,2025-09-18
LPN-0000230,DEL-000138,700413,SN5A0GJSB7,AST-MOPDSB,XR73FQ,2025-07-11
LPN-0000107,DEL-000026,700414,SNEJ0ME9N7,AST-1XF537,0AQZTB,2025-09-15
LPN-0000107,DEL-000026,700414,SNTROGTY83,AST-RHQZ14,0AQZTB,2025-09-15
LPN-0000107,DEL-000026,700414,SNE4SGFCFL,AST-RV7ZGB,0AQZTB,2025-09-15
LPN-0000107,DEL-000026,700414,SNGT68TW2X,AST-AZS8S1,0AQZTB,2025-09-15
LPN-0000107,DEL-000026,700414,SNNRIC1IPB,AST-N9Q52Y,0AQZTB,2025-09-15
LPN-0000197,DEL-000065,700415,SN0SVIFBWC,AST-LPPW8F,JRN9R7,2025-09-22
LPN-0000197,DEL-000065,700415,SNX9SDDELY,AST-RQWEAS,JRN9R7,2025-09-22
LPN-0000197,DEL-000065,700415,SNGFJOTGUN,AST-6YH4VD,JRN9R7,2025-09-22
LPN-0000197,DEL-000065,700415,SN54WN7H8O,AST-Q0XU24,JRN9R7,2025-09-22
LPN-0000241,DEL-000067,700416,SNA3B1EHRP,AST-HCOMVR,9FKHPT,2025-09-05
LPN-0000241,DEL-000067,700416,SNPTIMNE8A,AST-BYZIXL,9FKHPT,2025-09-05
LPN-0000241,DEL-000067,700416,SN3NMCSX31,AST-SGGTKY,9FKHPT,2025-09-05
LPN-0000241,DEL-000067,700416,SN9WOWTEIU,AST-F26HJE,9FKHPT,2025-09-05
LPN-0000189,DEL-000167,700417,SNHUIXRY01,AST-5HCOOW,JU15Y8,2025-07-30
LPN-0000056,DEL-000200,700418,SNFHHRE6SR,AST-Y5UXH8,V8AUP7,2025-09-22
LPN-0000056,DEL-000200,700418,SNN3TQP3QN,AST-RK0MDE,V8AUP7,2025-09-22
LPN-0000056,DEL-000200,700418,SNWZICR3P6,AST-57J5CB,V8AUP7,2025-09-22
LPN-0000025,DEL-000172,700419,SNX24B30KY,AST-O80CNG,YVBUOI,2025-09-02
LPN-0000025,DEL-000172,700419,SNGE7P7XOG,AST-18FPEI,YVBUOI,2025-09-02
LPN-0000025,DEL-000172,700419,SNVSW9H0LL,AST-LZJH9C,YVBUOI,2025-09-02
LPN-0000025,DEL-000172,700419,SNANL7CIFB,AST-N2JYKY,YVBUOI,2025-09-02
LPN-0000101,DEL-000077,700420,SNHVUAOPMM,AST-CDIJE7,YRGQK5,2025-08-21
LPN-0000212,DEL-000208,700421,SN9SY8XYXN,AST-BJ14YK,TRGTUR,2025-08-07
LPN-0000212,DEL-000208,700421,SNV4YLUZZE,AST-GF3657,TRGTUR,2025-08-07
LPN-0000049,DEL-000087,700422,SNAF9FNSTN,AST-85KXXT,LG7NAI,2025-10-07
LPN-0000065,DEL-000159,700423,SNLF2C8ADS,AST-Q8OUK2,6HV04S,2025-09-25
LPN-0000065,DEL-000159,700423,SNGGV8DLPU,AST-RR52DW,6HV04S,2025-09-25
LPN-0000065,DEL-000159,700423,SNO7F3GGKD,AST-H6XJNZ,6HV04S,2025-09-25
LPN-0000065,DEL-000159,700423,SN4PQ47ITU,AST-TDRD84,6HV04S,2025-09-25
LPN-0000065,DEL-000159,700423,SNDGALN6YV,AST-W957GW,6HV04S,2025-09-25
LPN-0000139,DEL-000206,700424,SNI5VUBXLH,AST-H4RAY0,GD1ZRU,2025-10-16
LPN-0000139,DEL-000206,700424,SNQLSGJV3D,AST-S5SCMO,GD1ZRU,2025-10-16
LPN-0000129,DEL-000095,700425,SNBOK4M0HT,AST-5MAJLG,H16W7A,2025-08-29
LPN-0000129,DEL-000095,700425,SNIJHZ9Q0L,AST-FMFGPX,H16W7A,2025-08-29
LPN-0000129,DEL-000095,700425,SNUHKZVUB1,AST-BFF754,H16W7A,2025-08-29
LPN-0000129,DEL-000095,700425,SN7XHT4IB9,AST-TW9390,H16W7A,2025-08-29
LPN-0000129,DEL-000095,700425,SNWN696U47,AST-JACYI2,H16W7A,2025-08-29
LPN-0000136,DEL-000020,700426,SNUDAP56O4,AST-FNERNW,4RK2WH,2025-09-11
LPN-0000136,DEL-000020,700426,SNZRY5Y0II,AST-14QYLB,4RK2WH,2025-09-11
LPN-0000136,DEL-000020,700426,SN507L8B1D,AST-FNFH52,4RK2WH,2025-09-11
LPN-0000136,DEL-000020,700426,SNZ93ZT73L,AST-BB0U1D,4RK2WH,2025-09-11
LPN-0000136,DEL-000020,700426,SNET08OUSO,AST-PVEF68,4RK2WH,2025-09-11
LPN-0000157,DEL-000220,700427,SNKCNW6UEN,AST-9MXPRX,41AWNJ,2025-10-11
LPN-0000157,DEL-000220,700427,SNUZ0AZAYL,AST-NMWLMG,41AWNJ,2025-10-11
LPN-0000157,DEL-000220,700427,SNWYGHKA2I,AST-FVMNRC,41AWNJ,2025-10-11
LPN-0000214,DEL-000037,700428,SNM4W039CF,AST-ZSBLXE,9BZZ99,2025-09-17
LPN-0000214,DEL-000037,700428,SNH0A5RYBE,AST-DPZHZQ,9BZZ99,2025-09-17
LPN-0000214,DEL-000037,700428,SN0E5DDTUR,AST-FUSQA3,9BZZ99,2025-09-17
LPN-0000197,DEL-000083,700429,SNPN8GWFAX,AST-0OLLOF,JRN9R7,2025-09-22
LPN-0000197,DEL-000083,700429,SN0O1TISGW,AST-8W38T7,JRN9R7,2025-09-22
LPN-0000197,DEL-000083,700429,SN653DR46E,AST-ODBADS,JRN9R7,2025-09-22
LPN-0000197,DEL-000083,700429,SNNTZMFX4A,AST-JD2RYL,JRN9R7,2025-09-22
LPN-0000143,DEL-000086,700430,SN497F2XEW,AST-9A8KV4,FBQ9VP,2025-09-22
LPN-0000143,DEL-000086,700430,SN93VTZY76,AST-X6CB6S,FBQ9VP,2025-09-22
LPN-0000117,DEL-000104,700431,SNYUI2A6H9,AST-9MRBDR,TVTV4A,2025-08-22
LPN-0000117,DEL-000104,700431,SN44KSQJGA,AST-W421TJ,TVTV4A,2025-08-22
LPN-0000117,DEL-000104,700431,SN2VL27YMD,AST-WG7YHQ,TVTV4A,2025-08-22
LPN-0000117,DEL-000104,700431,SNFJBZ8HI2,AST-A6ZAF8,TVTV4A,2025-08-22
LPN-0000117,DEL-000104,700431,SN8B0AU7PO,AST-OZ8OCS,TVTV4A,2025-08-22
LPN-0000087,DEL-000086,700432,SN397FECZX,AST-YO5EBP,2O539Y,2025-09-30
LPN-0000087,DEL-000086,700432,SNKTUJ4NJ0,AST-I0I56E,2O539Y,2025-09-30
LPN-0000087,DEL-000086,700432,SNSVD66V8T,AST-7B9ZY4,2O539Y,2025-09-30
LPN-0000238,DEL-000135,700433,SN8FLQFKPH,AST-VJV5OM,GZXZ3J,2025-10-14
LPN-0000238,DEL-000135,700433,SNCGTCD1T7,AST-WQ40F3,GZXZ3J,2025-10-14
LPN-0000161,DEL-000179,700434,SNQTQO595Y,AST-B0N9OI,D261FF,2025-09-01
LPN-0000161,DEL-000179,700434,SNN3DA1EHT,AST-IAB4Y4,D261FF,2025-09-01
LPN-0000132,DEL-000026,700435,SNBA1MPY0C,AST-CIR62L,YHW7NH,2025-09-15
LPN-0000132,DEL-000026,700435,SN3KQJGI77,AST-S2IK5F,YHW7NH,2025-09-15
LPN-0000132,DEL-000026,700435,SN5TL2B2L8,AST-I7P2SS,YHW7NH,2025-09-15
LPN-0000132,DEL-000026,700435,SN7BMEZGZW,AST-LQ8IXP,YHW7NH,2025-09-15
LPN-0000015,DEL-000052,700436,SNV59SLF7T,AST-M5HEFI,QVUQU3,2025-10-04
LPN-0000015,DEL-000052,700436,SNXIIXFA7J,AST-UY3Y5T,QVUQU3,2025-10-04
LPN-0000070,DEL-000225,700437,SN8ZQ1DOVD,AST-RJ8CG5,H48S07,2025-09-09
LPN-0000070,DEL-000225,700437,SNY0P5ICHZ,AST-KTNZUC,H48S07,2025-09-09
LPN-0000070,DEL-000225,700437,SNAWXW2D3V,AST-90JBN5,H48S07,2025-09-09
LPN-0000006,DEL-000176,700438,SN8MXUC2BB,AST-69DRTX,LQXZ2N,2025-10-13
LPN-0000006,DEL-000176,700438,SNANSRGNKY,AST-JJN1KG,LQXZ2N,2025-10-13
LPN-0000006,DEL-000176,700438,SNMVS8QXVG,AST-TKDR08,LQXZ2N,2025-10-13
LPN-0000006,DEL-000176,700438,SNAEUFYI13,AST-MU32SL,LQXZ2N,2025-10-13
LPN-0000006,DEL-000176,700438,SNHXMOFAJ1,AST-E3DPKD,LQXZ2N,2025-10-13
LPN-0000191,DEL-000180,700439,SN1OOXHLLD,AST-RG1JO8,RUN242,2025-10-05
LPN-0000191,DEL-000180,700439,SNJS731HR3,AST-E6PDPT,RUN242,2025-10-05
LPN-0000191,DEL-000180,700439,SN5QQOZWJE,AST-R17HQO,RUN242,2025-10-05
LPN-0000191,DEL-000180,700439,SNKE2S2XI8,AST-JYV3KF,RUN242,2025-10-05
LPN-0000191,DEL-000180,700439,SN3PDP7WL2,AST-6DR8KV,RUN242,2025-10-05
LPN-0000092,DEL-000089,700440,SNZ0ZYRZVV,AST-YCNCTH,L4LFN9,2025-09-04
LPN-0000092,DEL-000089,700440,SNTL81WP19,AST-NXA9TN,L4LFN9,2025-09-04
LPN-0000092,DEL-000089,700440,SNC8AD3FL2,AST-7Z2RMT,L4LFN9,2025-09-04
LPN-0000092,DEL-000089,700440,SNM7NLQ3QN,AST-S1FLOF,L4LFN9,2025-09-04
LPN-0000003,DEL-000093,700441,SNXHNG7Y9K,AST-0ZBA1R,TG8PJM,2025-10-18
LPN-0000003,DEL-000093,700441,SNY18N3FXG,AST-48T6LI,TG8PJM,2025-10-18
LPN-0000003,DEL-000093,700441,SNQ5NWOQ76,AST-JPM66C,TG8PJM,2025-10-18
LPN-0000003,DEL-000093,700441,SNBNOF6JY4,AST-MBU4CJ,TG8PJM,2025-10-18
LPN-0000003,DEL-000093,700441,SN0JSWKAHF,AST-K6PWBA,TG8PJM,2025-10-18
LPN-0000249,DEL-000225,700442,SNKMB40ZG5,AST-SLTZQH,DXM0DB,2025-09-09
LPN-0000249,DEL-000225,700442,SNMST9XICL,AST-LCQIEN,DXM0DB,2025-09-09
LPN-0000249,DEL-000225,700442,SNBQSSRORV,AST-162FLI,DXM0DB,2025-09-09
LPN-0000249,DEL-000225,700442,SNYZ9LSPRJ,AST-SOJKSU,DXM0DB,2025-09-09
LPN-0000249,DEL-000225,700442,SN1KIESJUN,AST-3UM91J,DXM0DB,2025-09-09
LPN-0000065,DEL-000133,700443,SNRJKF40QJ,AST-7BKGEJ,6HV04S,2025-09-25
LPN-0000065,DEL-000133,700443,SNEUV44W7Y,AST-6AV7OE,6HV04S,2025-09-25
LPN-0000115,DEL-000058,700444,SNVUFSHE43,AST-ZHM1R0,E3K4HW,2025-10-17
LPN-0000037,DEL-000185,700445,SNF32TOAM1,AST-ZN5A40,XT94DE,2025-09-18
LPN-0000037,DEL-000185,700445,SNVODEBN7L,AST-V8IZJ7,XT94DE,2025-09-18
LPN-0000037,DEL-000185,700445,SNK5JWHSS8,AST-3CADOH,XT94DE,2025-09-18
LPN-0000097,DEL-000217,700446,SNZVJAV4RC,AST-677KXC,UL8R2N,2025-10-06
LPN-0000202,DEL-000207,700447,SNMTT4I4H0,AST-8P32L3,BUV1C5,2025-10-06
LPN-0000202,DEL-000207,700447,SNEFFQBN72,AST-Z7D6JS,BUV1C5,2025-10-06
LPN-0000202,DEL-000207,700447,SNRQP3E8RL,AST-OHKV6S,BUV1C5,2025-10-06
LPN-0000202,DEL-000207,700447,SNMWAE23N1,AST-598PTG,BUV1C5,2025-10-06
LPN-0000202,DEL-000207,700447,SN0DQD7BLF,AST-2IAU1P,BUV1C5,2025-10-06
LPN-0000017,DEL-000213,700448,SN9AEVD6ZC,AST-3540NA,J23XU3,2025-10-01
LPN-0000017,DEL-000213,700448,SNDQSLHRF9,AST-BD85G0,J23XU3,2025-10-01
LPN-0000017,DEL-000213,700448,SND115CGOU,AST-KHJ9OR,J23XU3,2025-10-01
LPN-0000017,DEL-000213,700448,SNR5SB9K8F,AST-AIMUC2,J23XU3,2025-10-01
LPN-0000017,DEL-000213,700448,SNA6YMSEBY,AST-0ZBQUV,J23XU3,2025-10-01
LPN-0000235,DEL-000129,700449,SNQ7D3EVFB,AST-EBLF5H,FKKN7Z,2025-09-02
LPN-0000235,DEL-000129,700449,SNI3UUAUIG,AST-48DE9Z,FKKN7Z,2025-09-02
LPN-0000235,DEL-000129,700449,SN7XRFA7CN,AST-NUKPIK,FKKN7Z,2025-09-02
LPN-0000235,DEL-000129,700449,SNQDTMVM0P,AST-OSK9H1,FKKN7Z,2025-09-02
LPN-0000235,DEL-000129,700449,SN4KCMTRIL,AST-0T0GFJ,FKKN7Z,2025-09-02
LPN-0000076,DEL-000019,700450,SNC8TWFP0R,AST-N1OLKX,YGFZT4,2025-09-05
LPN-0000201,DEL-000053,700451,SN6D3K5Y82,AST-RENZXL,V5X5WN,2025-09-27
LPN-0000032,DEL-000221,700452,SN3QMJFXW0,AST-E7M5GJ,XRYTC9,2025-10-15
LPN-0000189,DEL-000165,700453,SNJZ15YNVS,AST-W5LACT,JU15Y8,2025-08-23
LPN-0000189,DEL-000165,700453,SNQRKYMQL4,AST-XOOHSK,JU15Y8,2025-08-23
LPN-0000189,DEL-000165,700453,SNH23V4DAA,AST-70LYYK,JU15Y8,2025-08-23
LPN-0000150,DEL-000143,700454,SNPP1FVUPL,AST-UJGJ9D,DW35CB,2025-09-07
LPN-0000150,DEL-000143,700454,SN0O28LTXV,AST-IMLAFM,DW35CB,2025-09-07
LPN-0000148,DEL-000132,700455,SNFSNWARS0,AST-ZFHSG3,NPJQPL,2025-10-13
