item,organization_id,onhand_qty,reserved_qty,available_qty,subinventory_code,locator_code,serial_number,last_update_date
ITEM-00001,101,168,30,138,WIP,A01-B03-C02,,2025-10-04
ITEM-00001,201,107,19,88,WIP,A01-B01-C02,SN7OLE1FK2,2025-09-22
ITEM-00002,101,246,26,220,RM,A01-B02-C01,,2025-09-26
ITEM-00004,101,147,33,114,WIP,A05-B01-C02,,2025-09-12
ITEM-00004,301,126,35,91,FG,A04-B02-C02,,2025-10-16
ITEM-00005,102,70,0,70,FG,A03-B04-C01,,2025-09-08
ITEM-00005,201,24,2,22,QA,A02-B02-C02,SNFWXMXYGV,2025-10-14
ITEM-00005,301,161,4,157,RM,A01-B02-C01,,2025-10-01
ITEM-00006,101,190,46,144,STAGING,A04-B03-C01,SNFEF2MLLZ,2025-09-18
ITEM-00006,102,142,29,113,RM,A04-B02-C02,SNPWDT1O33,2025-10-12
ITEM-00006,201,170,11,159,WIP,A04-B05-C02,,2025-10-11
ITEM-00007,101,114,27,87,STAGING,A02-B01-C01,,2025-09-07
ITEM-00007,102,212,25,187,RM,A05-B03-C01,,2025-10-02
ITEM-00008,102,89,8,81,RM,A01-B02-C02,SNG0QEJP11,2025-10-17
ITEM-00008,201,317,62,255,WIP,A05-B03-C01,,2025-09-04
ITEM-00009,301,76,15,61,STAGING,A05-B05-C01,SNS26U52PN,2025-09-27
ITEM-00010,103,137,11,126,STAGING,A01-B03-C01,,2025-09-15
ITEM-00013,102,46,1,45,QA,A05-B02-C02,,2025-09-16
ITEM-00013,103,196,47,149,STAGING,A01-B04-C02,,2025-10-07
ITEM-00014,101,5,0,5,RM,A01-B02-C01,SN4C1SJJ6N,2025-10-15
ITEM-00014,102,35,9,26,STAGING,A02-B03-C02,,2025-09-13
ITEM-00014,103,186,18,168,WIP,A03-B04-C02,,2025-09-13
ITEM-00014,201,52,6,46,FG,A05-B01-C01,,2025-09-06
ITEM-00014,301,109,19,90,RM,A02-B05-C02,,2025-09-22
ITEM-00015,102,77,12,65,STAGING,A05-B03-C02,,2025-10-09
ITEM-00016,103,134,32,102,RM,A03-B03-C01,,2025-10-15
ITEM-00016,201,62,5,57,WIP,A04-B03-C02,SNGUNBARLH,2025-10-18
ITEM-00018,301,104,15,89,STAGING,A01-B02-C01,,2025-09-04
ITEM-00019,102,70,4,66,RM,A05-B05-C02,SNO0J2FYXD,2025-10-02
ITEM-00019,201,149,21,128,FG,A02-B04-C02,,2025-10-02
ITEM-00020,103,22,0,22,FG,A04-B03-C01,SN2Y0GTTXA,2025-10-15
ITEM-00020,201,49,2,47,FG,A04-B04-C02,,2025-10-08
ITEM-00021,103,148,6,142,FG,A01-B01-C01,,2025-09-26
ITEM-00022,301,44,5,39,STAGING,A01-B02-C01,SN9RKLSQQB,2025-09-19
ITEM-00023,101,142,42,100,STAGING,A04-B02-C01,,2025-09-28
ITEM-00024,103,157,10,147,RM,A03-B02-C01,,2025-10-11
ITEM-00026,101,159,1,158,WIP,A03-B04-C02,SN39UDHB10,2025-10-05
ITEM-00027,101,57,1,56,RM,A01-B03-C01,,2025-09-16
ITEM-00027,201,121,7,114,WIP,A01-B02-C01,,2025-09-21
ITEM-00028,201,119,20,99,WIP,A01-B05-C01,,2025-10-18
ITEM-00030,201,140,34,106,QA,A04-B05-C01,,2025-09-28
ITEM-00030,301,152,33,119,RM,A02-B05-C01,SNTRWSGK5V,2025-09-17
ITEM-00032,102,101,21,80,FG,A05-B03-C02,,2025-09-07
ITEM-00033,101,142,15,127,STAGING,A01-B02-C02,SNSS6F7C0B,2025-10-11
ITEM-00033,102,350,83,267,WIP,A02-B05-C02,,2025-09-13
ITEM-00033,201,9,0,9,WIP,A05-B02-C02,,2025-10-01
ITEM-00034,103,59,12,47,STAGING,A05-B05-C01,,2025-09-07
ITEM-00035,101,145,31,114,STAGING,A05-B05-C02,SN4HIGUDOT,2025-09-11
ITEM-00035,102,20,2,18,QA,A01-B01-C02,,2025-09-13
ITEM-00035,201,25,6,19,RM,A05-B02-C01,SNG4PB11JR,2025-10-17
ITEM-00035,301,115,13,102,RM,A04-B04-C01,SN31UKC7ZE,2025-10-10
ITEM-00039,101,364,65,299,FG,A03-B05-C01,SNQ943DJZJ,2025-09-11
ITEM-00039,103,135,28,107,RM,A02-B03-C01,SNMJQCVOC8,2025-10-14
ITEM-00039,201,70,19,51,WIP,A05-B01-C02,SN76BJGIB2,2025-09-03
ITEM-00039,301,125,34,91,STAGING,A04-B04-C01,SNM0XLE2CY,2025-09-11
ITEM-00040,301,32,5,27,STAGING,A04-B03-C02,,2025-09-04
ITEM-00041,101,78,7,71,STAGING,A05-B05-C02,,2025-10-07
ITEM-00041,102,104,29,75,RM,A02-B01-C02,SNTNBOFTRD,2025-09-26
ITEM-00041,103,79,1,78,FG,A01-B05-C02,,2025-09-15
ITEM-00041,201,130,28,102,QA,A02-B03-C02,,2025-09-13
ITEM-00042,103,152,41,111,STAGING,A02-B03-C02,SN2CYNI1IX,2025-09-29
ITEM-00042,301,20,1,19,FG,A04-B02-C02,SNRNQASTYU,2025-09-19
ITEM-00043,101,124,16,108,FG,A05-B01-C02,SNYKN5O9AI,2025-09-06
ITEM-00045,101,260,37,223,STAGING,A04-B01-C02,SNXJUDKTR4,2025-09-17
ITEM-00045,201,185,36,149,RM,A01-B01-C02,SNZISV1SKP,2025-10-14
ITEM-00047,101,118,15,103,FG,A04-B01-C02,SN58T4OA3V,2025-09-06
ITEM-00047,301,6,1,5,QA,A02-B01-C02,,2025-09-15
ITEM-00048,101,177,13,164,WIP,A05-B04-C01,,2025-09-29
ITEM-00049,102,47,3,44,FG,A02-B01-C01,SNQPR6KYR5,2025-09-29
ITEM-00049,201,138,9,129,FG,A02-B05-C02,SNCLKUCMFF,2025-09-18
ITEM-00050,201,36,8,28,WIP,A03-B02-C02,SN9MKHMN1U,2025-10-12
ITEM-00050,301,107,32,75,QA,A02-B05-C02,,2025-09-25
ITEM-00051,301,191,26,165,RM,A01-B01-C01,SNWM0DON8B,2025-10-17
ITEM-00052,102,25,6,19,STAGING,A04-B03-C02,,2025-09-23
ITEM-00052,103,67,3,64,FG,A01-B05-C02,,2025-10-05
ITEM-00052,201,144,13,131,RM,A02-B03-C01,,2025-09-23
ITEM-00052,301,193,25,168,STAGING,A04-B02-C01,SNOPFLBNFR,2025-10-09
ITEM-00053,102,145,28,117,WIP,A02-B04-C01,,2025-09-04
ITEM-00054,101,36,8,28,STAGING,A01-B03-C01,SN2SGE3SUF,2025-09-17
ITEM-00054,102,28,0,28,FG,A05-B01-C02,,2025-10-02
ITEM-00054,201,82,7,75,FG,A05-B03-C02,,2025-09-17
ITEM-00054,301,42,11,31,STAGING,A01-B02-C02,,2025-09-22
ITEM-00056,301,113,14,99,RM,A04-B03-C02,,2025-09-23
ITEM-00058,102,30,7,23,RM,A02-B03-C02,,2025-09-11
ITEM-00058,103,70,8,62,WIP,A03-B03-C01,SN4DQ9F90H,2025-10-13
ITEM-00059,101,200,1,199,QA,A05-B04-C02,,2025-09-10
ITEM-00059,102,81,13,68,QA,A01-B03-C01,,2025-10-11
ITEM-00061,102,55,1,54,QA,A05-B01-C02,,2025-09-24
ITEM-00061,201,39,9,30,WIP,A03-B05-C02,,2025-09-27
ITEM-00064,103,36,10,26,WIP,A05-B04-C01,SN9Z2TKEDV,2025-10-12
ITEM-00064,201,141,14,127,RM,A02-B01-C02,,2025-09-16
ITEM-00066,103,172,16,156,STAGING,A03-B01-C02,SNDIQS1OU8,2025-09-28
ITEM-00069,102,224,48,176,RM,A02-B02-C02,,2025-09-16
ITEM-00070,102,17,2,15,FG,A02-B02-C01,SN4VAYFJPU,2025-09-11
ITEM-00070,103,191,4,187,WIP,A03-B04-C02,SN2LXYFVDB,2025-10-07
ITEM-00070,301,56,13,43,WIP,A05-B02-C01,,2025-10-13
ITEM-00071,102,107,20,87,STAGING,A04-B02-C02,SNGAHY62KR,2025-09-20
ITEM-00071,201,107,16,91,STAGING,A05-B01-C01,SN6YQ0OB7R,2025-09-20
ITEM-00072,102,106,1,105,QA,A05-B04-C02,SNZG4ELEM8,2025-10-07
ITEM-00073,103,126,33,93,QA,A03-B03-C01,SN68JUKD0Q,2025-09-30
ITEM-00073,301,155,5,150,WIP,A03-B05-C01,SNEI06HCM6,2025-09-07
ITEM-00075,102,122,4,118,FG,A05-B03-C02,,2025-09-19
ITEM-00075,103,53,2,51,WIP,A03-B01-C01,,2025-09-25
ITEM-00076,301,182,2,180,QA,A02-B01-C02,,2025-10-03
ITEM-00077,101,45,5,40,RM,A05-B05-C02,SNV5W213W5,2025-10-11
ITEM-00077,102,166,35,131,STAGING,A02-B02-C01,SNWYKJDQBU,2025-09-15
ITEM-00077,201,35,1,34,RM,A04-B05-C02,,2025-09-17
ITEM-00078,102,146,10,136,FG,A03-B04-C01,,2025-10-16
ITEM-00079,102,139,4,135,QA,A01-B01-C01,,2025-10-04
ITEM-00079,301,117,9,108,STAGING,A01-B01-C01,SNQTZFJL9C,2025-09-05
ITEM-00080,101,61,5,56,STAGING,A02-B03-C01,,2025-10-05
ITEM-00081,301,114,21,93,RM,A04-B01-C02,,2025-10-14
ITEM-00082,101,184,11,173,RM,A05-B05-C01,SNK52VI6EA,2025-09-19
ITEM-00083,301,192,15,177,RM,A04-B02-C01,SND6WFWJ3C,2025-09-26
ITEM-00084,201,147,18,129,FG,A04-B05-C01,SNU22K4FNE,2025-09-15
ITEM-00085,101,288,60,228,RM,A04-B02-C02,,2025-09-27
ITEM-00085,201,54,9,45,STAGING,A03-B03-C02,SNWSHGTBVO,2025-09-13
ITEM-00085,301,67,16,51,FG,A03-B03-C01,,2025-10-06
ITEM-00086,103,21,5,16,QA,A03-B01-C02,SNWGQHHSLM,2025-09-26
ITEM-00087,103,148,36,112,WIP,A03-B03-C02,,2025-09-24
ITEM-00088,101,129,1,128,FG,A03-B04-C01,SN5PK1GMIB,2025-09-15
ITEM-00088,103,80,12,68,FG,A04-B03-C01,SNFWDYNUJC,2025-09-28
ITEM-00090,101,156,18,138,STAGING,A02-B05-C02,,2025-09-26
ITEM-00090,201,194,36,158,WIP,A03-B05-C02,SN94A6NICY,2025-10-06
ITEM-00091,101,133,18,115,FG,A02-B04-C02,SN9FWVJXXJ,2025-10-06
ITEM-00091,102,7,0,7,RM,A04-B03-C01,,2025-09-23
ITEM-00091,201,91,12,79,FG,A01-B04-C02,SNX6GQ7ABA,2025-09-25
ITEM-00091,301,143,21,122,QA,A05-B04-C02,SN9BVJ1D6G,2025-09-24
ITEM-00092,101,31,3,28,WIP,A02-B01-C01,SNYFJ2X1MS,2025-09-25
ITEM-00092,102,6,0,6,STAGING,A03-B02-C01,SNQCJ785DW,2025-10-03
ITEM-00092,201,153,30,123,QA,A03-B03-C02,,2025-09-27
ITEM-00093,102,103,3,100,WIP,A04-B01-C02,SNGJZHRIUC,2025-09-10
ITEM-00093,103,76,18,58,FG,A05-B04-C02,SNAJIQ5DUM,2025-09-14
ITEM-00093,301,70,0,70,WIP,A02-B02-C01,SN2N4N0VHO,2025-09-29
ITEM-00094,103,83,15,68,STAGING,A02-B02-C01,,2025-09-25
ITEM-00095,102,196,5,191,STAGING,A02-B02-C01,,2025-09-10
ITEM-00096,101,260,72,188,QA,A05-B04-C02,SN8911RARX,2025-10-17
ITEM-00097,103,60,5,55,STAGING,A03-B03-C02,,2025-10-10
ITEM-00098,102,229,21,208,QA,A04-B03-C02,,2025-09-30
ITEM-00098,201,135,5,130,FG,A01-B03-C02,SNCVQ3I529,2025-10-15
ITEM-00100,301,173,0,173,FG,A03-B05-C02,SN22H17TJE,2025-10-12
ITEM-00101,102,75,12,63,WIP,A02-B04-C01,SNFSWMS6XQ,2025-09-06
ITEM-00102,201,29,0,29,QA,A04-B05-C01,SN3IWQGG4F,2025-09-06
ITEM-00103,101,131,3,128,QA,A05-B05-C01,SN8RZSJWRE,2025-09-26
ITEM-00104,102,47,7,40,WIP,A04-B04-C01,,2025-09-11
ITEM-00104,103,101,28,73,STAGING,A04-B04-C02,,2025-09-20
ITEM-00105,103,82,10,72,FG,A01-B03-C01,,2025-09-05
ITEM-00105,301,151,26,125,FG,A03-B05-C02,SNF8HS2VUH,2025-10-09
ITEM-00106,103,170,6,164,STAGING,A04-B02-C01,,2025-09-09
ITEM-00108,101,35,3,32,STAGING,A01-B05-C01,SN0ZXBJJJE,2025-10-07
ITEM-00109,101,142,34,108,WIP,A02-B01-C02,,2025-09-22
ITEM-00109,102,164,12,152,WIP,A02-B01-C02,SN3C91W7JX,2025-10-14
ITEM-00109,103,123,24,99,QA,A05-B05-C01,,2025-09-18
ITEM-00109,201,27,7,20,FG,A03-B01-C01,SNYKT9PEHH,2025-10-14
ITEM-00109,301,95,10,85,WIP,A04-B04-C01,,2025-09-29
ITEM-00110,102,153,4,149,RM,A02-B03-C01,,2025-10-01
ITEM-00111,102,73,17,56,RM,A04-B01-C02,SN3B2GUZ0E,2025-09-06
ITEM-00111,103,124,11,113,RM,A02-B05-C01,SNNH3YAPVE,2025-09-08
ITEM-00112,103,191,33,158,STAGING,A02-B03-C02,SN9NWSHX0Z,2025-10-04
ITEM-00113,102,12,1,11,STAGING,A03-B04-C01,SNL2QC6S4W,2025-10-06
ITEM-00114,103,0,0,0,QA,A04-B05-C01,,2025-09-25
ITEM-00114,201,294,61,233,STAGING,A05-B04-C01,SNJUK1ZW7H,2025-10-13
ITEM-00114,301,135,20,115,RM,A05-B04-C01,SNRSU84OSV,2025-09-12
ITEM-00116,101,1,0,1,FG,A03-B01-C02,,2025-10-03
ITEM-00116,103,160,30,130,STAGING,A03-B03-C01,,2025-09-15
ITEM-00116,201,45,6,39,STAGING,A03-B05-C02,,2025-10-12
ITEM-00116,301,382,97,285,QA,A02-B03-C02,,2025-10-08
ITEM-00117,201,83,8,75,QA,A01-B01-C02,,2025-10-13
ITEM-00117,301,193,54,139,RM,A05-B01-C01,,2025-09-22
ITEM-00118,102,161,41,120,STAGING,A05-B01-C01,SN7JF8UYCC,2025-09-06
ITEM-00118,103,206,44,162,STAGING,A02-B02-C01,SNG0679O0U,2025-10-11
ITEM-00119,201,35,6,29,QA,A02-B02-C01,SNT4Q8A53D,2025-09-11
ITEM-00119,301,13,0,13,FG,A05-B01-C02,,2025-09-03
ITEM-00120,103,123,3,120,WIP,A04-B02-C01,SNP7NLYH08,2025-10-08
ITEM-00120,201,196,54,142,FG,A05-B02-C02,SNUINXAR55,2025-09-15
ITEM-00121,102,141,17,124,FG,A04-B04-C01,SNI6OKXAT9,2025-10-18
ITEM-00121,201,158,12,146,FG,A05-B01-C01,,2025-09-12
ITEM-00122,101,150,19,131,QA,A03-B03-C01,SNZV66U2IE,2025-10-07
ITEM-00123,101,152,20,132,RM,A01-B01-C01,,2025-10-08
ITEM-00123,103,143,11,132,FG,A02-B04-C02,SNKXZ2UVCT,2025-09-23
ITEM-00123,301,181,9,172,QA,A02-B02-C02,SNF2S8SOSS,2025-09-08
ITEM-00124,102,147,8,139,STAGING,A05-B05-C02,,2025-09-08
ITEM-00127,102,23,0,23,RM,A03-B03-C01,,2025-09-25
ITEM-00127,103,38,0,38,WIP,A04-B03-C02,SNHGAWRZEQ,2025-09-09
ITEM-00128,101,161,0,161,QA,A02-B01-C02,,2025-09-07
ITEM-00128,103,19,1,18,WIP,A02-B02-C01,,2025-10-16
ITEM-00128,201,60,3,57,FG,A01-B05-C01,SNDMWH3U32,2025-09-15
ITEM-00129,101,126,4,122,QA,A03-B05-C01,SN3CV13CUG,2025-10-17
ITEM-00130,101,118,31,87,WIP,A05-B03-C02,,2025-09-26
ITEM-00130,103,192,43,149,QA,A03-B04-C02,,2025-09-20
ITEM-00131,102,210,37,173,QA,A05-B01-C02,,2025-10-01
ITEM-00131,103,136,36,100,RM,A05-B02-C01,SN16W0SN9U,2025-10-16
ITEM-00132,102,48,9,39,QA,A01-B03-C01,SNJXF93HI7,2025-10-05
ITEM-00133,103,52,0,52,QA,A04-B04-C02,SNPW61WVDL,2025-09-11
ITEM-00135,301,164,35,129,STAGING,A01-B03-C01,,2025-09-15
ITEM-00136,301,57,11,46,QA,A05-B05-C01,,2025-10-04
ITEM-00137,103,24,5,19,FG,A01-B04-C01,SNS9QB4HLQ,2025-10-02
ITEM-00139,101,92,14,78,RM,A01-B01-C02,SNRDNKPCEN,2025-09-29
ITEM-00139,102,181,43,138,QA,A04-B05-C01,SNFPOZRR1E,2025-09-19
ITEM-00139,201,35,10,25,STAGING,A04-B05-C01,SNUCZCP927,2025-10-16
ITEM-00140,201,46,10,36,QA,A03-B03-C02,SND3QCJFRK,2025-10-11
ITEM-00141,301,41,9,32,WIP,A05-B02-C02,SNMC9KN1V8,2025-09-25
ITEM-00142,301,78,13,65,RM,A02-B02-C01,,2025-09-25
ITEM-00144,101,195,8,187,STAGING,A05-B04-C02,SNBEYFBUKA,2025-10-10
ITEM-00145,103,71,20,51,WIP,A01-B01-C01,SN0AVZRWB6,2025-09-22
ITEM-00146,102,215,31,184,STAGING,A05-B04-C02,SNR8CHX09A,2025-09-26
ITEM-00147,102,182,40,142,WIP,A01-B01-C02,,2025-09-17
ITEM-00149,102,25,3,22,STAGING,A01-B02-C02,,2025-10-06
ITEM-00149,201,6,0,6,FG,A01-B02-C01,,2025-10-14
ITEM-00150,103,180,15,165,RM,A05-B03-C02,SN0IT09ZS6,2025-09-07
ITEM-00150,301,32,4,28,WIP,A03-B01-C02,SNMX92ATOJ,2025-09-10
ITEM-00152,102,153,17,136,FG,A03-B01-C02,,2025-09-06
ITEM-00153,103,68,15,53,QA,A04-B01-C01,SNUW75YPTQ,2025-09-17
ITEM-00153,201,13,2,11,FG,A03-B02-C02,SNIO4MIJIV,2025-10-12
ITEM-00153,301,169,35,134,WIP,A04-B03-C02,SNNZJK83Z0,2025-09-13
ITEM-00154,201,51,2,49,RM,A01-B04-C01,SNG98I03XO,2025-09-15
ITEM-00155,103,421,125,296,QA,A01-B02-C02,,2025-10-15
ITEM-00155,201,103,9,94,RM,A04-B04-C01,,2025-10-04
ITEM-00156,301,108,28,80,STAGING,A02-B04-C01,,2025-10-15
ITEM-00157,103,97,8,89,WIP,A02-B05-C01,,2025-10-16
ITEM-00157,201,146,1,145,RM,A01-B04-C02,,2025-09-11
ITEM-00158,201,130,17,113,WIP,A02-B02-C01,SNKWUGNHXG,2025-10-14
ITEM-00159,102,122,31,91,STAGING,A02-B05-C01,,2025-09-06
ITEM-00159,103,333,70,263,STAGING,A01-B05-C01,,2025-10-03
ITEM-00159,201,55,3,52,WIP,A03-B03-C01,SN02O10LS6,2025-10-10
ITEM-00159,301,41,10,31,RM,A04-B01-C01,SN2VQ5I6JI,2025-09-24
ITEM-00160,301,104,27,77,RM,A03-B05-C02,,2025-09-28
ITEM-00161,102,105,3,102,QA,A03-B01-C02,,2025-09-26
ITEM-00161,201,87,12,75,FG,A04-B03-C02,SN5ZKY1GS3,2025-09-10
ITEM-00163,101,217,25,192,WIP,A01-B04-C02,,2025-09-13
ITEM-00163,102,68,13,55,RM,A02-B04-C02,,2025-09-16
ITEM-00164,101,102,4,98,STAGING,A02-B04-C01,,2025-10-10
ITEM-00164,301,117,1,116,FG,A05-B02-C01,SN8E0BQZEE,2025-10-05
ITEM-00165,102,45,4,41,RM,A03-B05-C02,SNF4J03M2M,2025-10-15
ITEM-00165,201,182,15,167,QA,A02-B02-C02,SN77S3TC7W,2025-09-28
ITEM-00166,201,84,4,80,WIP,A04-B02-C01,,2025-09-12
ITEM-00166,301,133,34,99,STAGING,A03-B03-C01,,2025-10-16
ITEM-00167,103,10,2,8,QA,A02-B01-C02,,2025-09-10
ITEM-00167,301,226,8,218,STAGING,A03-B05-C02,SNCXF6MMXQ,2025-10-13
ITEM-00168,103,137,10,127,STAGING,A03-B02-C01,SN7CBQ4VDC,2025-10-18
ITEM-00168,201,137,38,99,WIP,A05-B05-C01,SNUC4FLB5H,2025-10-12
ITEM-00168,301,268,43,225,RM,A01-B05-C02,SN2E1P113G,2025-09-12
ITEM-00169,201,140,35,105,QA,A01-B01-C01,SNHBSM62DB,2025-09-15
ITEM-00170,102,61,5,56,QA,A05-B03-C02,,2025-10-08
ITEM-00170,103,150,39,111,RM,A03-B02-C01,SNGXBK13DL,2025-09-26
ITEM-00171,101,150,22,128,FG,A03-B04-C02,,2025-09-14
ITEM-00171,102,165,48,117,QA,A02-B05-C01,,2025-10-16
ITEM-00172,102,172,18,154,WIP,A01-B03-C01,,2025-09-16
ITEM-00173,101,126,10,116,WIP,A05-B05-C02,,2025-10-02
ITEM-00173,102,317,4,313,FG,A04-B03-C02,SN1ZCPBLOO,2025-10-04
ITEM-00173,201,108,19,89,STAGING,A03-B03-C02,,2025-10-01
ITEM-00174,201,302,78,224,FG,A03-B03-C01,,2025-09-05
ITEM-00175,103,20,2,18,WIP,A05-B05-C01,,2025-09-21
ITEM-00176,101,174,41,133,FG,A04-B02-C01,,2025-10-16
ITEM-00176,102,96,26,70,STAGING,A01-B02-C01,SNU5PH2RJW,2025-09-06
ITEM-00176,103,156,16,140,RM,A04-B05-C01,SNFTB7LWV1,2025-10-18
ITEM-00176,301,148,23,125,RM,A02-B04-C01,,2025-10-10
ITEM-00177,102,12,1,11,WIP,A05-B02-C02,,2025-09-07
ITEM-00178,103,37,1,36,FG,A03-B04-C02,,2025-09-15
ITEM-00179,103,109,20,89,QA,A02-B02-C02,SN2TWDEUUX,2025-09-27
ITEM-00179,201,132,17,115,QA,A02-B05-C01,,2025-10-05
ITEM-00180,103,45,7,38,FG,A01-B01-C02,SNM0N1XNVW,2025-09-14
ITEM-00180,301,198,6,192,FG,A04-B01-C02,,2025-09-06
ITEM-00181,102,182,52,130,FG,A04-B01-C01,,2025-10-05
ITEM-00181,103,45,1,44,STAGING,A04-B01-C02,SNNZK8UOY0,2025-09-03
ITEM-00182,101,67,0,67,RM,A04-B05-C02,SNT6CPULQX,2025-09-09
ITEM-00184,103,264,17,247,QA,A05-B02-C01,,2025-10-15
ITEM-00184,301,105,14,91,FG,A03-B02-C02,,2025-09-21
ITEM-00185,101,47,11,36,STAGING,A02-B02-C02,,2025-09-18
ITEM-00185,103,156,8,148,WIP,A01-B05-C02,,2025-09-30
ITEM-00185,301,49,7,42,WIP,A02-B03-C01,SNIR528SN7,2025-10-08
ITEM-00186,102,191,11,180,RM,A03-B04-C01,,2025-09-13
ITEM-00186,103,142,6,136,RM,A05-B01-C01,SNJK8D2SJ3,2025-09-05
ITEM-00187,301,54,10,44,RM,A05-B05-C01,SNH2Z4NQL0,2025-09-23
ITEM-00188,102,20,2,18,QA,A04-B02-C01,SNLXOQXN3A,2025-09-30
ITEM-00188,301,125,32,93,STAGING,A03-B04-C01,,2025-10-16
ITEM-00189,101,360,0,360,QA,A05-B04-C02,,2025-09-15
ITEM-00189,201,146,15,131,QA,A03-B05-C01,,2025-09-30
ITEM-00190,101,163,27,136,WIP,A04-B05-C02,,2025-10-12
ITEM-00190,102,82,19,63,FG,A02-B05-C02,,2025-09-14
ITEM-00190,301,93,25,68,QA,A02-B01-C02,SNUJL7DRM0,2025-09-18
ITEM-00191,101,152,31,121,QA,A03-B01-C02,SN98OM1IN8,2025-10-01
ITEM-00192,102,40,11,29,WIP,A04-B02-C01,SNSNKT3FZ2,2025-10-12
ITEM-00192,201,83,6,77,WIP,A05-B05-C02,SN7BAPH4BL,2025-10-08
ITEM-00193,102,180,9,171,FG,A05-B04-C02,SNOC70KOM2,2025-10-07
ITEM-00194,201,179,27,152,WIP,A02-B01-C02,SNZV6ATWJV,2025-09-15
ITEM-00195,103,124,28,96,FG,A02-B02-C01,,2025-10-03
ITEM-00195,301,31,8,23,WIP,A03-B02-C02,,2025-10-05
ITEM-00196,103,181,12,169,QA,A05-B01-C02,SNZZTTEFF9,2025-10-15
ITEM-00196,201,0,0,0,RM,A02-B01-C01,SNA0FS0ZA1,2025-09-14
ITEM-00197,201,44,0,44,QA,A05-B02-C02,SNWQHG9CIS,2025-10-18
ITEM-00197,301,53,11,42,RM,A05-B02-C02,SN7KSQAF8Y,2025-09-30
ITEM-00198,201,120,30,90,STAGING,A03-B03-C01,SNQHCBSS65,2025-09-23
ITEM-00198,301,198,20,178,WIP,A04-B03-C01,,2025-09-25
ITEM-00199,101,17,3,14,QA,A01-B03-C01,SNP3TC5ZB4,2025-09-05
ITEM-00199,201,153,29,124,FG,A05-B05-C02,,2025-10-16
ITEM-00199,301,51,11,40,STAGING,A03-B05-C02,SNDG5R50OZ,2025-10-18
ITEM-00200,201,164,35,129,FG,A05-B02-C02,,2025-10-12
ITEM-00201,102,42,4,38,STAGING,A03-B05-C01,,2025-09-22
ITEM-00201,301,176,51,125,FG,A01-B05-C01,,2025-09-18
ITEM-00202,101,145,10,135,FG,A04-B01-C02,SNO4R6U6FG,2025-09-16
ITEM-00202,102,172,14,158,STAGING,A02-B03-C02,SNG1NB32ZF,2025-09-13
ITEM-00202,201,97,9,88,FG,A01-B04-C02,,2025-09-24
ITEM-00203,103,161,23,138,FG,A04-B03-C02,SN1QWNVME4,2025-10-02
ITEM-00203,301,248,13,235,FG,A01-B03-C02,,2025-09-14
ITEM-00204,103,98,17,81,RM,A03-B04-C02,SNJN2Q6JM3,2025-09-04
ITEM-00204,201,45,4,41,WIP,A03-B05-C02,SNATGCM7SP,2025-10-11
ITEM-00205,103,39,10,29,STAGING,A03-B03-C01,,2025-09-17
ITEM-00205,301,338,24,314,WIP,A04-B05-C01,,2025-10-02
ITEM-00206,101,147,19,128,FG,A02-B02-C02,,2025-10-13
ITEM-00206,201,96,14,82,STAGING,A03-B04-C02,,2025-10-11
ITEM-00207,103,318,17,301,STAGING,A01-B03-C02,SNBDS8O8M8,2025-10-01
ITEM-00209,101,139,29,110,FG,A04-B01-C01,SNCCUUNIKT,2025-09-25
ITEM-00209,102,10,1,9,STAGING,A02-B02-C01,,2025-09-10
ITEM-00209,201,319,45,274,QA,A05-B03-C01,,2025-10-13
ITEM-00210,101,5,1,4,QA,A03-B05-C02,SNGVWFASUJ,2025-09-26
ITEM-00210,102,115,27,88,FG,A05-B03-C02,,2025-10-01
ITEM-00210,201,304,49,255,FG,A01-B01-C02,,2025-09-22
ITEM-00211,101,61,11,50,WIP,A01-B03-C01,,2025-10-11
ITEM-00211,201,186,41,145,QA,A05-B02-C02,SN69RUXMOM,2025-09-16
ITEM-00212,102,184,42,142,WIP,A03-B01-C01,SNIEZC4VY1,2025-10-01
ITEM-00212,301,59,4,55,STAGING,A04-B02-C01,SNU9GPBL2L,2025-10-05
ITEM-00213,102,165,23,142,RM,A01-B05-C02,,2025-10-16
ITEM-00213,201,274,20,254,QA,A05-B05-C01,SN5FKLEHLP,2025-09-11
ITEM-00213,301,95,22,73,QA,A04-B03-C02,,2025-09-29
ITEM-00215,102,109,13,96,WIP,A04-B02-C01,SN7RB8NHTL,2025-09-21
ITEM-00215,301,98,8,90,FG,A01-B02-C01,SN1I1MBVVZ,2025-09-29
ITEM-00216,103,12,3,9,RM,A05-B01-C02,SNVIO1RKP2,2025-09-04
ITEM-00217,103,100,24,76,RM,A05-B05-C01,,2025-09-27
ITEM-00217,201,23,2,21,WIP,A03-B04-C01,,2025-09-25
ITEM-00217,301,103,0,103,QA,A02-B04-C02,SN48JKBLIT,2025-09-22
ITEM-00218,101,82,9,73,FG,A03-B02-C02,,2025-10-07
ITEM-00218,102,146,26,120,STAGING,A04-B02-C01,,2025-10-15
ITEM-00218,103,127,18,109,QA,A02-B03-C02,,2025-09-26
ITEM-00218,301,184,41,143,STAGING,A02-B04-C01,,2025-09-05
ITEM-00219,102,126,8,118,RM,A03-B03-C01,,2025-09-05
ITEM-00219,201,19,1,18,FG,A04-B02-C02,,2025-10-15
ITEM-00220,102,153,8,145,FG,A04-B02-C01,,2025-10-01
ITEM-00220,103,35,0,35,FG,A05-B01-C02,SNYAD36D48,2025-09-05
ITEM-00220,201,195,34,161,QA,A01-B02-C01,SN68EGPMLO,2025-09-17
ITEM-00220,301,152,25,127,RM,A04-B03-C02,SN3G2TJP2W,2025-10-08
ITEM-00221,103,151,14,137,RM,A01-B02-C01,,2025-09-04
ITEM-00221,301,121,1,120,FG,A03-B01-C01,SNXIFNOUZM,2025-10-11
ITEM-00223,101,52,10,42,WIP,A03-B02-C01,SNFXPWSE7U,2025-09-22
ITEM-00223,102,123,28,95,STAGING,A05-B02-C02,,2025-09-27
ITEM-00223,201,86,3,83,WIP,A03-B04-C01,,2025-09-14
ITEM-00224,102,97,14,83,QA,A03-B05-C02,SN3JMMLZK6,2025-10-18
ITEM-00224,201,163,3,160,FG,A01-B04-C02,SNL4KDWXLL,2025-09-21
ITEM-00225,101,177,13,164,FG,A02-B04-C02,,2025-10-09
ITEM-00225,102,123,20,103,STAGING,A05-B05-C02,SNPHFC7GBT,2025-10-08
ITEM-00227,103,257,7,250,QA,A03-B03-C01,,2025-10-10
ITEM-00228,301,221,14,207,QA,A05-B01-C02,,2025-10-09
ITEM-00229,102,121,27,94,QA,A02-B02-C02,,2025-09-27
ITEM-00230,101,38,0,38,RM,A02-B04-C01,SN5NJBXIHV,2025-10-09
ITEM-00230,201,19,3,16,QA,A05-B03-C02,,2025-09-30
ITEM-00231,301,158,20,138,QA,A03-B03-C01,,2025-09-16
ITEM-00232,102,151,34,117,STAGING,A02-B03-C02,SNPJIJWUBS,2025-09-30
ITEM-00234,101,71,12,59,FG,A04-B02-C02,,2025-10-16
ITEM-00235,101,156,33,123,RM,A05-B04-C01,,2025-10-08
ITEM-00235,103,143,37,106,STAGING,A04-B05-C02,SNUTN5F8K5,2025-10-08
ITEM-00238,103,143,11,132,STAGING,A03-B04-C01,,2025-09-07
ITEM-00239,102,127,37,90,RM,A02-B04-C02,,2025-10-09
ITEM-00240,103,115,25,90,QA,A05-B02-C02,,2025-09-28
ITEM-00241,101,171,21,150,STAGING,A03-B05-C02,SN7C7H46KL,2025-09-27
ITEM-00242,101,94,14,80,FG,A04-B05-C01,SNSSV017T9,2025-09-18
ITEM-00242,301,63,15,48,STAGING,A02-B01-C01,SNVBS0GMBK,2025-09-17
ITEM-00243,101,121,22,99,QA,A03-B01-C01,SNUJPSL4ND,2025-10-08
ITEM-00243,201,259,22,237,STAGING,A01-B05-C02,SNJO7CY62C,2025-09-05
ITEM-00244,201,11,0,11,WIP,A04-B04-C02,,2025-10-13
ITEM-00245,101,155,0,155,STAGING,A05-B01-C02,,2025-09-11
ITEM-00246,102,177,37,140,RM,A04-B01-C01,,2025-09-04
ITEM-00247,103,89,9,80,STAGING,A03-B03-C02,SN9O2PP4VM,2025-09-10
ITEM-00248,102,125,32,93,RM,A04-B01-C01,,2025-09-25
ITEM-00248,301,25,2,23,RM,A03-B03-C01,SNY6JDV4XG,2025-10-16
ITEM-00249,102,158,7,151,WIP,A02-B05-C01,SNCQ2RNAZ5,2025-10-11
ITEM-00249,103,108,20,88,QA,A01-B03-C01,,2025-10-15
ITEM-00250,102,116,4,112,STAGING,A03-B05-C01,SNMMQLFMGY,2025-10-05
ITEM-00250,103,20,2,18,WIP,A05-B03-C02,SNTHOM796Y,2025-09-10
ITEM-00250,201,12,2,10,RM,A02-B03-C02,,2025-10-12
ITEM-00250,301,146,15,131,WIP,A03-B04-C01,SN86NZ80CJ,2025-09-28
ITEM-00251,103,324,32,292,WIP,A01-B04-C01,SNKQRDPDZ0,2025-09-22
ITEM-00251,301,114,30,84,STAGING,A02-B02-C01,,2025-09-23
ITEM-00252,102,147,27,120,QA,A01-B02-C02,SNBA15QVO2,2025-10-15
ITEM-00252,103,162,21,141,QA,A03-B05-C01,,2025-09-21
ITEM-00254,101,198,6,192,QA,A03-B04-C02,,2025-09-17
ITEM-00254,102,149,4,145,QA,A02-B05-C01,,2025-09-20
ITEM-00256,103,144,0,144,RM,A05-B05-C01,,2025-10-08
ITEM-00257,102,277,38,239,STAGING,A04-B05-C02,,2025-09-27
ITEM-00257,103,155,17,138,RM,A01-B02-C02,SNNSDR1BU0,2025-09-21
ITEM-00258,103,253,29,224,FG,A05-B05-C02,SN1FFQH7II,2025-10-11
ITEM-00259,102,140,11,129,STAGING,A05-B03-C01,SNVOLW9KC1,2025-09-30
ITEM-00259,103,179,29,150,STAGING,A04-B04-C01,,2025-09-14
ITEM-00259,301,61,1,60,STAGING,A04-B01-C02,SNMS2PNIF0,2025-10-14
ITEM-00261,101,51,3,48,STAGING,A01-B05-C01,SNU4TD8020,2025-09-30
ITEM-00261,102,166,1,165,FG,A01-B01-C02,SNC4PIXD0K,2025-10-04
ITEM-00262,201,63,3,60,QA,A03-B01-C02,,2025-09-24
ITEM-00262,301,98,6,92,FG,A03-B05-C02,SNO8BWKSVO,2025-09-22
ITEM-00263,101,199,18,181,RM,A04-B05-C02,,2025-09-26
ITEM-00263,201,57,12,45,RM,A03-B03-C02,SN6RN23RBP,2025-10-16
ITEM-00265,102,135,22,113,QA,A02-B04-C01,,2025-10-04
ITEM-00265,103,63,1,62,QA,A01-B04-C02,,2025-09-16
ITEM-00265,201,14,1,13,RM,A03-B03-C02,,2025-09-10
ITEM-00266,101,169,10,159,STAGING,A03-B03-C01,,2025-09-11
ITEM-00266,102,130,5,125,RM,A02-B05-C02,,2025-10-11
ITEM-00267,301,5,0,5,FG,A02-B05-C02,SNJFGR2RTQ,2025-09-04
ITEM-00268,102,383,38,345,WIP,A01-B02-C01,SNFFUQ061M,2025-09-26
ITEM-00268,103,130,22,108,QA,A01-B02-C01,,2025-09-23
ITEM-00269,102,64,3,61,STAGING,A05-B02-C01,,2025-10-18
ITEM-00269,201,81,8,73,RM,A03-B02-C02,SNLV67E49R,2025-09-23
ITEM-00269,301,30,3,27,STAGING,A01-B01-C01,,2025-10-06
ITEM-00270,103,29,0,29,WIP,A05-B02-C01,,2025-09-12
ITEM-00270,201,82,6,76,STAGING,A01-B05-C02,SNZ6TDFDOW,2025-10-03
ITEM-00271,102,97,28,69,WIP,A03-B05-C02,SN9MTR99DY,2025-10-07
ITEM-00271,103,183,14,169,STAGING,A01-B04-C02,,2025-10-10
ITEM-00271,301,24,3,21,RM,A05-B03-C01,SNWD5T6WAQ,2025-09-12
ITEM-00272,102,67,18,49,STAGING,A02-B02-C01,SNHX8V5MV6,2025-09-30
ITEM-00272,201,24,3,21,STAGING,A02-B02-C01,,2025-09-21
ITEM-00272,301,118,21,97,FG,A01-B03-C02,SNPVEZPBAX,2025-09-26
ITEM-00273,201,21,4,17,STAGING,A05-B05-C01,SNQGL13NA7,2025-09-08
ITEM-00274,102,159,36,123,STAGING,A05-B02-C02,SNJ82CDDMY,2025-10-09
ITEM-00275,103,321,69,252,STAGING,A03-B03-C01,SNHYM5P416,2025-10-14
ITEM-00276,301,71,7,64,WIP,A02-B02-C02,,2025-09-26
ITEM-00277,101,2,0,2,WIP,A02-B03-C02,,2025-09-08
ITEM-00279,101,128,28,100,RM,A04-B02-C01,SNE18WYUFG,2025-09-15
ITEM-00279,102,40,0,40,QA,A03-B01-C01,SNLC1LHM0N,2025-10-12
ITEM-00279,103,197,45,152,RM,A01-B05-C01,SNZDMQFSC7,2025-09-25
ITEM-00279,301,229,36,193,FG,A04-B02-C02,SNQHQE9WXI,2025-09-21
ITEM-00280,102,118,21,97,RM,A05-B03-C02,,2025-09-21
ITEM-00280,201,48,5,43,RM,A03-B05-C01,SNNTUOU3GK,2025-09-13
ITEM-00281,101,34,8,26,STAGING,A04-B05-C02,SNWHA76NP7,2025-09-07
ITEM-00281,103,54,8,46,WIP,A02-B05-C01,,2025-10-16
ITEM-00282,101,128,4,124,STAGING,A03-B03-C02,,2025-10-10
ITEM-00283,101,280,21,259,QA,A01-B01-C02,SN2XAE6Q9L,2025-10-02
ITEM-00283,102,128,0,128,FG,A03-B02-C02,SNLQU32I6N,2025-09-09
ITEM-00284,101,177,29,148,FG,A05-B03-C01,SNO3MRL73S,2025-09-18
ITEM-00284,301,195,7,188,RM,A03-B02-C02,,2025-09-14
ITEM-00285,102,253,36,217,QA,A05-B05-C01,,2025-10-09
ITEM-00286,103,130,33,97,FG,A01-B01-C01,SNX8Z2JGHM,2025-10-04
ITEM-00286,201,13,3,10,RM,A01-B04-C02,SN1NPTYZVJ,2025-09-07
ITEM-00286,301,182,42,140,QA,A04-B05-C02,,2025-09-12
ITEM-00287,101,38,5,33,FG,A01-B04-C02,SN8B9XRMIW,2025-09-23
ITEM-00287,103,104,19,85,WIP,A03-B01-C02,,2025-09-16
ITEM-00288,102,21,2,19,RM,A01-B01-C01,,2025-10-02
ITEM-00290,201,49,7,42,RM,A01-B01-C01,,2025-09-23
ITEM-00292,101,15,3,12,QA,A05-B04-C02,,2025-09-09
ITEM-00292,301,290,50,240,RM,A03-B03-C02,SNR4XL244D,2025-10-09
ITEM-00293,102,136,2,134,RM,A04-B01-C02,,2025-10-07
ITEM-00293,103,184,45,139,FG,A01-B02-C02,,2025-10-12
ITEM-00294,102,193,5,188,WIP,A01-B05-C02,SN530HABDC,2025-09-29
ITEM-00295,201,132,15,117,QA,A05-B02-C02,SN3U6X5UZ1,2025-10-17
ITEM-00296,103,357,10,347,FG,A04-B04-C01,SNGXOAGM0P,2025-10-04
ITEM-00297,103,137,12,125,STAGING,A05-B05-C02,SN1HK18WRY,2025-10-11
ITEM-00297,201,29,0,29,FG,A03-B01-C01,,2025-10-04
ITEM-00298,301,122,28,94,RM,A05-B03-C01,SNELUKHLJ2,2025-09-04
ITEM-00299,103,314,10,304,QA,A02-B04-C01,,2025-09-07
ITEM-00299,301,35,10,25,RM,A04-B04-C01,SNSWB1OW3M,2025-09-17
ITEM-00002,102,163,7,156,RM,A01-B03-C02,SN2I2OXCDC,2025-09-26
ITEM-00003,102,85,7,78,STAGING,A05-B05-C02,,2025-10-11
ITEM-00003,103,174,4,170,WIP,A04-B03-C02,SNESFWGYCP,2025-09-21
ITEM-00003,301,49,8,41,WIP,A03-B05-C01,,2025-09-17
ITEM-00004,101,63,6,57,STAGING,A04-B05-C02,,2025-09-08
ITEM-00004,103,13,1,12,QA,A04-B04-C02,SN0EM5R8K5,2025-09-08
ITEM-00006,101,46,1,45,RM,A03-B03-C02,,2025-09-06
ITEM-00007,301,67,1,66,FG,A03-B04-C01,SNE984TZP1,2025-09-25
ITEM-00008,101,101,13,88,QA,A02-B03-C01,SNJRW4ACVV,2025-10-02
ITEM-00008,103,148,23,125,STAGING,A02-B01-C02,SNENAEIMOX,2025-09-19
ITEM-00012,102,194,13,181,STAGING,A05-B01-C01,,2025-10-11
ITEM-00013,101,119,20,99,QA,A04-B02-C02,,2025-10-04
ITEM-00013,301,88,5,83,STAGING,A02-B01-C01,,2025-09-19
ITEM-00014,103,35,4,31,RM,A03-B02-C02,SNQ8NZBV7G,2025-10-07
ITEM-00014,301,30,5,25,STAGING,A02-B05-C02,,2025-09-29
ITEM-00015,101,99,1,98,WIP,A05-B03-C01,,2025-09-12
ITEM-00015,301,221,36,185,QA,A03-B01-C01,SNCIXOVKOY,2025-09-12
ITEM-00016,301,150,24,126,QA,A01-B05-C02,SNF0BZFAC9,2025-09-13
ITEM-00017,301,198,13,185,WIP,A03-B01-C02,SNL38CHEKK,2025-09-28
ITEM-00018,201,10,1,9,QA,A03-B04-C01,SNGJY8TDTC,2025-10-10
ITEM-00018,301,106,5,101,RM,A05-B01-C02,,2025-10-01
ITEM-00021,102,1,0,1,QA,A01-B04-C02,,2025-10-04
ITEM-00022,101,85,14,71,RM,A05-B01-C02,SNJSU0FAI4,2025-09-12
ITEM-00023,103,19,2,17,RM,A01-B05-C02,SN619A39AM,2025-10-11
ITEM-00024,301,143,12,131,RM,A04-B02-C01,SNSIA407B0,2025-09-13
ITEM-00025,102,72,9,63,QA,A04-B04-C01,SNRZXNLQLO,2025-10-12
ITEM-00025,301,191,32,159,STAGING,A01-B04-C02,SN23DB1BE7,2025-10-09
ITEM-00026,301,215,17,198,WIP,A02-B01-C02,SND2EF0ZWS,2025-09-15
ITEM-00029,102,88,16,72,STAGING,A04-B05-C02,SNZZ2993DQ,2025-10-16
ITEM-00029,103,56,5,51,WIP,A04-B05-C02,SNBYBQFA9A,2025-10-12
ITEM-00029,201,130,6,124,FG,A04-B05-C01,SN3QPLDMLM,2025-10-06
ITEM-00030,102,189,19,170,WIP,A01-B05-C02,SN8LS4C1L9,2025-09-18
ITEM-00031,101,133,20,113,QA,A05-B02-C02,SNA4PH3Y8R,2025-09-14
ITEM-00032,102,276,26,250,RM,A04-B04-C02,SN5CLJ3MUV,2025-10-16
ITEM-00032,103,179,22,157,WIP,A01-B01-C01,SNFQ0H9EKQ,2025-10-07
ITEM-00032,201,264,41,223,RM,A03-B05-C01,,2025-10-08
ITEM-00033,101,161,21,140,QA,A03-B04-C02,SNCZ5EZ0DQ,2025-09-06
ITEM-00033,102,192,6,186,RM,A03-B01-C01,SN5NRCPAGW,2025-09-20
ITEM-00034,102,166,9,157,STAGING,A02-B05-C01,SNVMA02BEB,2025-10-08
ITEM-00034,103,52,4,48,QA,A05-B03-C02,SNBOFHFDV4,2025-09-06
ITEM-00035,201,410,75,335,QA,A04-B02-C01,,2025-10-15
ITEM-00036,301,90,12,78,QA,A02-B05-C01,,2025-09-27
ITEM-00037,103,186,15,171,RM,A02-B03-C01,,2025-09-13
ITEM-00038,102,116,13,103,FG,A05-B05-C02,,2025-10-01
ITEM-00039,103,17,1,16,STAGING,A03-B02-C02,SNF0DWTS7I,2025-09-22
ITEM-00039,201,394,62,332,STAGING,A05-B05-C02,SN54UM1V37,2025-09-11
ITEM-00040,103,98,4,94,RM,A03-B05-C02,SNKIC4PVRS,2025-09-28
ITEM-00040,201,181,33,148,STAGING,A02-B04-C01,SNJ6CYDLG9,2025-09-10
ITEM-00040,301,113,15,98,QA,A04-B04-C02,,2025-10-14
ITEM-00041,103,69,12,57,WIP,A02-B02-C01,,2025-09-20
ITEM-00042,301,168,24,144,FG,A05-B01-C02,SNNDI7APPA,2025-10-12
ITEM-00044,101,124,7,117,WIP,A01-B05-C01,SN9LVZTWXR,2025-10-04
ITEM-00044,103,205,38,167,RM,A01-B03-C02,SN1F4YMT3B,2025-09-08
ITEM-00045,201,96,0,96,STAGING,A01-B02-C02,SNGJ6TJ9BH,2025-10-18
ITEM-00045,301,182,15,167,STAGING,A03-B05-C01,,2025-09-25
ITEM-00046,103,75,1,74,RM,A04-B05-C02,SNBLLSBHQG,2025-09-16
ITEM-00046,201,303,22,281,WIP,A02-B01-C01,,2025-09-23
ITEM-00046,301,183,1,182,RM,A03-B01-C02,,2025-10-14
ITEM-00048,101,137,27,110,RM,A01-B01-C02,SNWFK6TFIB,2025-10-17
ITEM-00048,201,192,14,178,STAGING,A01-B02-C02,SNUS7Y0YK5,2025-09-27
ITEM-00048,301,144,5,139,QA,A05-B04-C01,,2025-09-29
ITEM-00049,101,193,38,155,FG,A01-B01-C01,,2025-09-27
ITEM-00050,101,88,17,71,WIP,A05-B04-C02,,2025-10-03
ITEM-00050,201,123,19,104,WIP,A05-B05-C02,,2025-10-01
ITEM-00050,301,46,6,40,WIP,A01-B05-C01,SN2RATO4DC,2025-09-10
ITEM-00051,301,181,28,153,QA,A04-B02-C01,SNDUVXX5LB,2025-09-23
ITEM-00052,101,222,22,200,RM,A01-B01-C01,SNN5SM4CJ6,2025-10-18
ITEM-00052,201,97,3,94,WIP,A03-B01-C01,SNYSUB7TJ5,2025-10-05
ITEM-00054,101,73,7,66,QA,A05-B03-C02,,2025-09-14
ITEM-00054,103,66,9,57,WIP,A01-B03-C02,SNDITHO6UD,2025-09-04
ITEM-00054,201,65,2,63,FG,A01-B05-C02,SN58C6XLUQ,2025-10-17
ITEM-00054,301,331,30,301,STAGING,A01-B01-C01,SNANOS7B5C,2025-09-04
ITEM-00056,301,26,3,23,WIP,A03-B05-C02,SNAS6WP9AC,2025-09-17
ITEM-00058,102,108,19,89,FG,A01-B01-C02,SNKY7OETA5,2025-10-03
ITEM-00058,201,87,4,83,RM,A05-B04-C02,SNLVJLTB7G,2025-09-10
ITEM-00059,301,186,8,178,QA,A01-B04-C01,SN4P4HQNML,2025-09-17
ITEM-00060,101,64,12,52,RM,A02-B03-C02,SNA5L738O6,2025-09-08
ITEM-00060,103,123,22,101,QA,A02-B04-C01,SNISZL4LGS,2025-09-23
ITEM-00062,102,69,3,66,STAGING,A04-B05-C01,SN6JWKBM5U,2025-09-23
ITEM-00062,301,149,16,133,RM,A01-B01-C02,SN4HD0WV6O,2025-09-21
ITEM-00063,101,164,7,157,STAGING,A05-B05-C01,SNF400G0I8,2025-10-09
ITEM-00064,103,157,10,147,WIP,A02-B02-C01,SN5H2FQVND,2025-10-02
ITEM-00064,201,104,3,101,QA,A03-B04-C02,SNNQQSG8MC,2025-10-09
ITEM-00065,102,50,9,41,RM,A03-B04-C02,,2025-09-29
ITEM-00066,102,83,9,74,STAGING,A05-B02-C01,SN2RWDUARP,2025-09-17
ITEM-00066,201,7,0,7,STAGING,A02-B01-C02,,2025-09-15
ITEM-00068,301,156,13,143,FG,A04-B05-C02,SN7GF2LATV,2025-09-05
ITEM-00069,103,82,6,76,STAGING,A01-B01-C02,SN7Y7HBNQT,2025-09-17
ITEM-00069,301,96,0,96,WIP,A03-B05-C01,SNX5XC8L15,2025-09-05
ITEM-00070,201,9,0,9,RM,A02-B03-C02,,2025-09-04
ITEM-00070,301,194,30,164,WIP,A05-B04-C02,SNEBF1JQXH,2025-09-10
ITEM-00074,301,73,13,60,STAGING,A05-B02-C01,,2025-09-15
ITEM-00076,102,124,9,115,FG,A05-B03-C01,SN40VZLPQL,2025-10-06
ITEM-00076,301,158,17,141,WIP,A02-B02-C02,SNT2G1VV6Q,2025-10-15
ITEM-00077,101,139,6,133,RM,A03-B01-C01,,2025-09-05
ITEM-00077,201,280,33,247,FG,A02-B01-C01,SNRLWPYTZH,2025-10-01
ITEM-00078,101,205,22,183,QA,A05-B04-C02,SNTD9QXBWZ,2025-10-13
ITEM-00078,103,117,4,113,QA,A01-B05-C01,,2025-09-07
ITEM-00078,201,7,0,7,RM,A04-B01-C01,SNA64SVQLV,2025-09-16
ITEM-00079,102,121,22,99,RM,A02-B05-C01,SN0QS778YH,2025-09-16
ITEM-00079,201,126,5,121,RM,A03-B03-C02,SNIFVM01LR,2025-10-15
ITEM-00080,103,112,6,106,STAGING,A04-B04-C01,SNRQ9D5BL7,2025-09-15
ITEM-00081,101,53,9,44,WIP,A03-B03-C02,,2025-10-14
ITEM-00082,103,109,20,89,STAGING,A02-B02-C01,,2025-09-08
ITEM-00082,201,184,14,170,QA,A03-B02-C02,SNRMYFVBGH,2025-09-13
ITEM-00082,301,187,19,168,QA,A03-B01-C02,SNTSN2DMG7,2025-09-12
ITEM-00084,301,199,16,183,RM,A01-B03-C01,SNVTJS51OK,2025-09-20
ITEM-00085,201,135,16,119,FG,A01-B05-C02,,2025-09-25
ITEM-00087,301,368,12,356,RM,A03-B02-C01,,2025-09-09
ITEM-00088,102,153,13,140,STAGING,A03-B04-C01,SN1JR3WR8P,2025-09-19
ITEM-00089,301,258,6,252,STAGING,A02-B04-C02,SNFJSPESL3,2025-09-03
ITEM-00090,102,107,3,104,STAGING,A03-B05-C02,SNCWU6XFE7,2025-09-17
ITEM-00091,301,121,3,118,FG,A03-B01-C02,SN2CK448IB,2025-10-07
ITEM-00092,101,48,9,39,RM,A01-B02-C02,SN3VK0W6S0,2025-09-09
ITEM-00093,201,173,9,164,STAGING,A01-B03-C01,SNTE4YSS8S,2025-10-16
ITEM-00093,301,78,4,74,WIP,A01-B02-C01,SNQ08IXEZQ,2025-09-16
ITEM-00095,101,269,5,264,FG,A03-B04-C01,SNRSYT2PE5,2025-10-04
ITEM-00095,102,95,18,77,QA,A05-B05-C01,SNPYOC5LDB,2025-10-14
ITEM-00095,301,97,3,94,FG,A05-B05-C02,,2025-10-01
ITEM-00096,101,117,21,96,FG,A02-B04-C01,,2025-09-17
ITEM-00096,102,33,0,33,STAGING,A05-B01-C02,SN8J3E85AB,2025-09-24
ITEM-00096,301,21,1,20,QA,A04-B04-C01,SNSSNMXG27,2025-10-04
ITEM-00097,201,47,6,41,QA,A03-B03-C02,,2025-09-08
ITEM-00098,102,181,31,150,STAGING,A03-B01-C01,,2025-10-13
ITEM-00098,201,74,1,73,QA,A05-B05-C01,SN3B8E9N1I,2025-09-23
ITEM-00099,103,167,17,150,FG,A02-B01-C01,SNSQJD3TW0,2025-09-17
ITEM-00099,201,165,29,136,QA,A03-B02-C02,SN3XVK88MS,2025-09-25
ITEM-00100,201,294,21,273,STAGING,A02-B02-C02,,2025-09-28
ITEM-00103,301,125,19,106,FG,A02-B03-C02,SNAW5SRPUF,2025-10-08
ITEM-00105,301,37,2,35,RM,A02-B01-C01,,2025-09-07
ITEM-00106,103,186,10,176,STAGING,A02-B04-C01,SNLU6RJ4HD,2025-09-18
ITEM-00107,102,26,1,25,QA,A04-B01-C02,SNXMBZEIHW,2025-10-10
ITEM-00108,103,53,6,47,RM,A02-B02-C01,SNOW3CYUJN,2025-10-05
ITEM-00109,102,138,24,114,QA,A02-B03-C02,SNNL13NCWR,2025-10-06
ITEM-00109,201,142,23,119,FG,A02-B04-C01,SNT65MTTAI,2025-09-06
ITEM-00110,301,73,13,60,QA,A03-B02-C02,SNK6A0BT1K,2025-09-16
ITEM-00111,102,136,3,133,FG,A04-B01-C01,,2025-09-20
ITEM-00111,301,156,10,146,QA,A05-B02-C02,,2025-09-22
ITEM-00112,301,179,30,149,FG,A05-B02-C02,SN06TW42VW,2025-09-07
ITEM-00113,102,193,9,184,STAGING,A04-B02-C01,,2025-09-04
ITEM-00113,201,138,5,133,STAGING,A05-B02-C02,,2025-10-08
ITEM-00115,101,131,17,114,QA,A03-B03-C02,,2025-09-06
ITEM-00115,201,199,34,165,WIP,A01-B02-C01,SNT5494Q5D,2025-10-08
ITEM-00117,201,117,22,95,STAGING,A04-B03-C01,SNX293WLJZ,2025-09-12
ITEM-00118,101,7,0,7,FG,A03-B05-C01,,2025-10-01
ITEM-00118,103,121,4,117,STAGING,A05-B03-C02,,2025-09-12
ITEM-00119,102,51,4,47,WIP,A01-B01-C02,SNGCQW35JG,2025-10-04
ITEM-00119,201,164,3,161,STAGING,A02-B05-C01,SNKFK3TKY4,2025-09-16
ITEM-00120,301,197,28,169,RM,A04-B02-C01,SNIA5MNPGZ,2025-10-06
ITEM-00121,103,3,0,3,WIP,A04-B02-C02,,2025-10-11
ITEM-00122,101,195,8,187,RM,A03-B03-C01,SNJSAFCYP5,2025-09-27
ITEM-00122,103,4,0,4,RM,A01-B02-C02,SNZJ05C13W,2025-09-28
ITEM-00123,101,140,16,124,FG,A03-B02-C02,SNLMOMKY7I,2025-09-09
ITEM-00123,201,57,11,46,RM,A05-B01-C01,,2025-09-19
ITEM-00123,301,82,14,68,WIP,A05-B02-C01,,2025-09-14
ITEM-00124,101,17,0,17,WIP,A01-B04-C01,SNOMT7T0QE,2025-09-12
ITEM-00124,102,169,8,161,QA,A05-B01-C02,,2025-09-24
ITEM-00125,101,98,6,92,STAGING,A04-B03-C01,,2025-10-02
ITEM-00126,101,193,12,181,STAGING,A05-B04-C01,,2025-09-28
ITEM-00126,102,240,25,215,STAGING,A01-B04-C01,SN98UWN1MT,2025-10-06
ITEM-00126,103,64,6,58,STAGING,A03-B05-C02,,2025-09-27
ITEM-00126,201,174,20,154,RM,A03-B01-C02,SNCK9FZ0KD,2025-09-13
ITEM-00127,201,193,36,157,STAGING,A03-B02-C01,SN3JHBW0RR,2025-10-09
ITEM-00127,301,73,4,69,RM,A04-B02-C02,SNNO1TS9M6,2025-09-04
ITEM-00128,102,269,5,264,STAGING,A03-B05-C02,SNJ2AJX9MZ,2025-09-19
ITEM-00129,101,149,15,134,WIP,A02-B02-C01,SN9J3ROBYN,2025-10-04
ITEM-00129,102,98,9,89,RM,A02-B02-C01,SNETL5YXBT,2025-10-01
ITEM-00129,301,31,5,26,QA,A03-B04-C01,SNIQZFLW0F,2025-10-09
ITEM-00130,102,196,14,182,FG,A02-B05-C02,,2025-09-26
ITEM-00130,301,249,28,221,WIP,A01-B02-C01,,2025-10-03
ITEM-00131,101,120,5,115,QA,A04-B02-C02,,2025-10-04
ITEM-00132,103,36,6,30,QA,A05-B04-C02,SNNGEO46AE,2025-09-20
ITEM-00132,201,100,8,92,WIP,A02-B05-C01,SN7Q020RQ1,2025-10-07
ITEM-00134,102,284,39,245,STAGING,A03-B05-C02,,2025-09-30
ITEM-00134,201,76,5,71,RM,A04-B01-C02,SN30SJB0GM,2025-10-14
ITEM-00136,101,196,24,172,STAGING,A03-B01-C02,SN10DETIO3,2025-10-14
ITEM-00138,101,39,7,32,FG,A04-B05-C02,SN1QAXW1XO,2025-10-04
ITEM-00139,101,79,7,72,WIP,A05-B01-C02,,2025-09-18
ITEM-00139,102,32,1,31,STAGING,A02-B02-C01,SNXYNF513Q,2025-10-07
ITEM-00139,201,37,2,35,RM,A03-B02-C01,SNRGS0YRFT,2025-10-10
ITEM-00140,101,61,5,56,STAGING,A01-B01-C01,SNL3AGLZHG,2025-10-09
ITEM-00141,102,141,13,128,RM,A04-B02-C02,,2025-10-05
ITEM-00142,101,85,12,73,RM,A04-B02-C02,,2025-10-17
ITEM-00144,101,46,2,44,FG,A04-B02-C01,,2025-09-27
ITEM-00146,101,100,14,86,WIP,A02-B01-C02,,2025-09-07
ITEM-00146,102,42,6,36,QA,A05-B03-C01,SNOAD93WK7,2025-09-05
ITEM-00146,301,264,6,258,WIP,A04-B03-C02,,2025-09-11
ITEM-00148,102,100,18,82,FG,A01-B04-C02,SNBUABTKUY,2025-09-15
ITEM-00148,201,2,0,2,STAGING,A03-B05-C02,,2025-09-21
ITEM-00149,103,172,9,163,STAGING,A05-B03-C02,SN7EZN24B3,2025-10-02
ITEM-00149,201,91,8,83,RM,A05-B03-C02,SN59NBOHXY,2025-10-14
ITEM-00149,301,56,9,47,RM,A05-B02-C02,SN01CBZXTG,2025-09-24
ITEM-00150,101,29,2,27,STAGING,A02-B01-C02,SND7JL572I,2025-09-06
ITEM-00150,201,23,1,22,STAGING,A01-B04-C02,,2025-09-30
ITEM-00150,301,120,9,111,WIP,A02-B01-C02,,2025-10-07
ITEM-00151,201,11,1,10,WIP,A03-B05-C02,SNPYX4M1DH,2025-10-17
ITEM-00152,101,14,0,14,QA,A04-B02-C02,SNRCDMZ32P,2025-09-12
ITEM-00152,102,312,60,252,RM,A03-B05-C01,,2025-09-26
ITEM-00155,102,42,7,35,WIP,A04-B01-C01,SNFJEFX64B,2025-10-02
ITEM-00155,301,83,8,75,STAGING,A03-B02-C01,,2025-10-07
ITEM-00156,102,172,9,163,WIP,A03-B01-C02,SNC2JPMEVN,2025-09-04
ITEM-00156,201,35,2,33,RM,A05-B04-C01,,2025-09-23
ITEM-00159,102,138,24,114,RM,A03-B02-C02,SNX6950J0S,2025-09-17
ITEM-00159,201,15,1,14,FG,A03-B04-C02,,2025-09-11
ITEM-00159,301,43,4,39,WIP,A04-B03-C01,SNZJMGUTE4,2025-10-04
ITEM-00160,102,145,4,141,QA,A04-B05-C01,,2025-09-09
ITEM-00162,201,186,17,169,FG,A03-B02-C01,SNKFP5PLJ8,2025-10-12
ITEM-00163,101,31,2,29,RM,A02-B03-C01,,2025-09-23
ITEM-00164,102,28,3,25,WIP,A03-B05-C01,,2025-10-13
ITEM-00165,201,68,1,67,RM,A05-B05-C01,SN4ZXV37EW,2025-10-02
ITEM-00166,101,107,17,90,FG,A01-B03-C01,,2025-09-28
ITEM-00166,201,85,4,81,QA,A03-B05-C02,SNJBRAVL64,2025-09-30
ITEM-00167,101,272,23,249,WIP,A03-B02-C01,,2025-09-07
ITEM-00169,103,33,2,31,WIP,A04-B04-C01,SN6O9Z1DHK,2025-09-21
ITEM-00170,301,56,10,46,STAGING,A01-B01-C01,SNQTREN5JW,2025-09-16
ITEM-00171,101,59,1,58,FG,A05-B01-C02,SNW1FKLDNX,2025-10-17
ITEM-00171,301,76,1,75,WIP,A03-B04-C02,SN493ISMBQ,2025-09-25
ITEM-00172,102,12,0,12,QA,A03-B01-C01,,2025-09-19
ITEM-00172,103,171,24,147,RM,A03-B02-C01,SN02X33AUE,2025-09-20
ITEM-00173,201,195,17,178,FG,A04-B03-C02,,2025-09-28
ITEM-00174,201,48,4,44,STAGING,A02-B01-C02,,2025-10-06
ITEM-00176,101,172,32,140,FG,A05-B04-C02,SNINT8PXVU,2025-10-14
ITEM-00176,102,100,15,85,QA,A04-B03-C02,SN0LZEKLG5,2025-10-12
ITEM-00176,103,174,11,163,QA,A04-B05-C02,SNWPWAWQJX,2025-10-14
ITEM-00177,301,78,5,73,STAGING,A03-B05-C01,SN8FPXHFQW,2025-09-26
ITEM-00178,101,147,6,141,FG,A01-B02-C02,,2025-09-14
ITEM-00178,102,23,2,21,RM,A05-B05-C02,SNSLPE69GL,2025-09-08
ITEM-00178,201,167,20,147,RM,A04-B03-C01,SNEZT364IT,2025-09-17
ITEM-00180,201,162,12,150,QA,A01-B02-C01,,2025-10-17
ITEM-00183,201,110,17,93,FG,A04-B02-C01,SNN8XHEGVR,2025-09-08
ITEM-00184,301,20,0,20,FG,A03-B02-C01,,2025-09-13
ITEM-00185,101,91,5,86,RM,A05-B05-C02,,2025-10-02
ITEM-00185,103,200,35,165,QA,A01-B05-C02,,2025-10-01
ITEM-00185,301,381,28,353,FG,A02-B01-C01,SN73OHBPM9,2025-09-17
ITEM-00186,201,47,6,41,WIP,A03-B02-C02,SNZFMG0PJW,2025-10-04
ITEM-00186,301,137,26,111,WIP,A05-B03-C01,,2025-09-26
ITEM-00187,201,140,0,140,WIP,A04-B05-C02,,2025-10-16
ITEM-00187,301,62,1,61,STAGING,A01-B04-C02,,2025-09-27
ITEM-00188,101,252,31,221,RM,A03-B04-C01,,2025-10-16
ITEM-00189,102,138,23,115,QA,A03-B01-C02,SN419BKC1W,2025-09-11
ITEM-00189,201,75,8,67,QA,A03-B05-C01,SN0PI8ENO7,2025-10-05
ITEM-00190,201,99,4,95,STAGING,A05-B02-C01,SNE56ZX68Y,2025-09-28
ITEM-00191,201,124,24,100,WIP,A03-B01-C02,,2025-09-20
ITEM-00192,103,86,6,80,RM,A02-B04-C01,,2025-09-18
ITEM-00192,201,174,31,143,WIP,A04-B02-C02,SN2X1LHDP9,2025-09-09
ITEM-00193,102,18,0,18,WIP,A01-B02-C02,SNK2UMILW5,2025-10-04
ITEM-00193,201,44,5,39,STAGING,A01-B02-C01,,2025-09-06
ITEM-00194,103,46,6,40,STAGING,A01-B02-C01,SNYAHRKCZ9,2025-10-08
ITEM-00196,201,72,10,62,FG,A03-B05-C01,,2025-10-08
ITEM-00197,102,61,0,61,STAGING,A01-B03-C02,SNTRLGPT3C,2025-09-28
ITEM-00198,102,197,15,182,STAGING,A02-B03-C01,,2025-09-15
ITEM-00198,201,149,12,137,WIP,A05-B03-C01,SN8DOTDN81,2025-10-06
ITEM-00198,301,145,22,123,QA,A04-B04-C01,SN5UCIAN8D,2025-09-19
ITEM-00199,101,132,18,114,QA,A05-B05-C02,SNPBPA8SJO,2025-10-05
ITEM-00200,101,164,28,136,FG,A01-B04-C02,SNSW2V3GVE,2025-09-27
ITEM-00202,201,167,12,155,FG,A05-B04-C01,SNXDPAQMXI,2025-10-09
ITEM-00202,301,175,26,149,STAGING,A04-B05-C02,SNG14458VL,2025-09-28
ITEM-00204,102,263,1,262,FG,A01-B03-C02,SN9871RR6F,2025-09-25
ITEM-00204,201,69,7,62,QA,A01-B05-C01,,2025-10-04
ITEM-00205,101,146,5,141,STAGING,A02-B05-C02,,2025-09-04
ITEM-00205,103,77,11,66,WIP,A01-B03-C01,SNL2KI16D5,2025-09-05
ITEM-00206,102,90,1,89,STAGING,A03-B02-C02,SN2BT4WLLY,2025-09-03
ITEM-00206,201,123,12,111,STAGING,A02-B03-C01,,2025-10-17
ITEM-00206,301,123,10,113,FG,A01-B03-C02,,2025-10-16
ITEM-00207,102,142,8,134,WIP,A03-B04-C01,SNC5O1N3PN,2025-09-17
ITEM-00208,101,53,1,52,FG,A03-B04-C02,SNRSUEASEF,2025-10-06
ITEM-00208,201,145,26,119,RM,A05-B04-C01,SNIY10IHNI,2025-09-20
ITEM-00210,201,29,2,27,QA,A04-B01-C02,SNTQHZW4UP,2025-09-21
ITEM-00210,301,91,10,81,QA,A04-B05-C01,,2025-09-07
ITEM-00211,201,175,29,146,FG,A02-B05-C01,SN0GY3RKWJ,2025-09-21
ITEM-00215,101,62,9,53,STAGING,A01-B01-C01,SN1EDCO4T1,2025-09-26
ITEM-00215,103,40,1,39,RM,A05-B05-C02,SN0TYF4T09,2025-10-02
ITEM-00215,301,173,14,159,RM,A01-B04-C01,SNT8KALJPO,2025-09-13
ITEM-00216,101,158,13,145,FG,A04-B01-C02,,2025-09-29
ITEM-00217,101,100,15,85,FG,A02-B01-C01,SNUDXOX0OZ,2025-10-17
ITEM-00218,101,30,1,29,STAGING,A02-B02-C01,,2025-09-04
ITEM-00218,201,205,13,192,WIP,A01-B02-C02,,2025-10-08
ITEM-00220,201,50,3,47,FG,A05-B03-C01,SN11YPPDMI,2025-09-15
ITEM-00221,101,173,19,154,RM,A02-B05-C02,SNNXWJ7GUM,2025-09-18
ITEM-00221,201,12,1,11,FG,A02-B05-C02,SN9QA04DBW,2025-10-07
ITEM-00222,103,199,31,168,STAGING,A05-B02-C02,SNN3TP5GEE,2025-09-15
ITEM-00223,101,67,13,54,FG,A05-B01-C02,,2025-10-09
ITEM-00223,102,183,36,147,RM,A05-B02-C01,,2025-09-12
ITEM-00227,101,35,2,33,RM,A01-B04-C01,SNGPQWEDCQ,2025-09-13
ITEM-00228,101,114,10,104,QA,A02-B01-C01,SN7JFI7F8T,2025-10-16
ITEM-00228,201,68,4,64,FG,A05-B02-C02,,2025-09-28
ITEM-00229,103,143,8,135,WIP,A03-B01-C02,,2025-10-06
ITEM-00230,102,88,11,77,WIP,A01-B02-C01,SN7N7AG9O2,2025-09-17
ITEM-00230,201,169,12,157,QA,A03-B05-C01,,2025-09-24
ITEM-00231,101,163,9,154,QA,A02-B01-C02,SNQNZVUBNU,2025-09-27
ITEM-00231,102,117,19,98,RM,A02-B03-C02,SN6JG8SMXM,2025-09-03
ITEM-00231,201,154,12,142,FG,A04-B02-C01,SNS9SMTT55,2025-09-10
ITEM-00232,103,33,0,33,QA,A04-B05-C02,,2025-09-09
ITEM-00232,201,175,8,167,FG,A05-B03-C02,SNTBTTES3B,2025-10-01
ITEM-00232,301,121,16,105,RM,A04-B01-C02,,2025-09-13
ITEM-00233,103,98,15,83,WIP,A03-B05-C01,,2025-09-13
ITEM-00233,301,141,15,126,FG,A01-B02-C02,SN4KY84THA,2025-09-24
ITEM-00234,201,174,23,151,FG,A03-B03-C02,,2025-10-02
ITEM-00235,201,168,15,153,RM,A05-B03-C02,SN2X4NBW8K,2025-10-12
ITEM-00235,301,191,36,155,QA,A02-B04-C02,SNKUYUQ6FJ,2025-09-19
ITEM-00236,101,84,1,83,STAGING,A03-B04-C02,SN9F40KLT2,2025-09-23
ITEM-00237,201,73,1,72,QA,A03-B04-C01,,2025-10-13
ITEM-00238,102,60,0,60,WIP,A03-B05-C01,,2025-09-05
ITEM-00238,103,74,8,66,WIP,A02-B04-C02,SNHLZYBMJD,2025-10-13
ITEM-00240,101,83,11,72,QA,A02-B05-C02,SNBCYJ5FTI,2025-10-11
ITEM-00240,201,67,9,58,RM,A03-B01-C01,,2025-09-04
ITEM-00241,301,156,14,142,FG,A01-B03-C01,,2025-09-25
ITEM-00242,102,224,21,203,QA,A05-B05-C01,,2025-09-08
ITEM-00242,103,125,16,109,FG,A03-B03-C02,,2025-10-07
ITEM-00242,201,104,2,102,WIP,A05-B04-C02,SN9G3F0OIB,2025-09-20
ITEM-00242,301,38,7,31,QA,A04-B01-C01,SN60TID3IK,2025-10-11
ITEM-00243,101,87,1,86,RM,A04-B01-C01,,2025-10-10
ITEM-00244,201,125,23,102,WIP,A04-B03-C02,,2025-09-20
ITEM-00245,201,193,35,158,STAGING,A02-B05-C02,SNDY02RST4,2025-09-16
ITEM-00245,301,61,3,58,FG,A05-B05-C01,SNCDDVHDXB,2025-09-30
ITEM-00246,101,100,6,94,QA,A05-B04-C01,,2025-10-05
ITEM-00246,103,37,3,34,QA,A03-B05-C01,SNLPZUZ3OR,2025-09-16
ITEM-00246,301,171,17,154,WIP,A01-B01-C02,SNX7RIB8ZG,2025-10-17
ITEM-00247,101,160,16,144,WIP,A03-B05-C01,,2025-10-16
ITEM-00247,201,26,1,25,WIP,A03-B03-C02,SNLVWEWAEE,2025-10-08
ITEM-00248,103,169,25,144,FG,A02-B03-C02,SN577W5N6Z,2025-09-17
ITEM-00249,201,154,5,149,STAGING,A04-B02-C02,,2025-09-10
ITEM-00250,101,173,21,152,FG,A02-B02-C02,,2025-09-27
ITEM-00250,102,173,11,162,RM,A05-B02-C01,SN4S44ZLHJ,2025-09-11
ITEM-00250,201,66,5,61,FG,A03-B01-C02,,2025-10-15
ITEM-00251,102,12,2,10,STAGING,A02-B04-C01,,2025-09-27
ITEM-00252,301,27,0,27,WIP,A02-B04-C02,SNVEBWP6MC,2025-09-09
ITEM-00253,101,76,2,74,STAGING,A05-B01-C01,SNONAR0IW5,2025-09-20
ITEM-00253,103,41,2,39,STAGING,A05-B02-C02,SNTPC2RZ59,2025-10-09
ITEM-00254,201,200,19,181,QA,A02-B02-C01,,2025-10-17
ITEM-00255,101,139,0,139,STAGING,A03-B03-C01,SN5WXJNX5E,2025-09-14
ITEM-00255,102,11,0,11,FG,A04-B04-C01,,2025-10-05
ITEM-00257,103,63,2,61,RM,A05-B03-C02,,2025-09-23
ITEM-00257,301,101,13,88,WIP,A03-B04-C01,SNXC5CL1X5,2025-09-23
ITEM-00258,102,189,13,176,QA,A03-B05-C02,,2025-09-05
ITEM-00258,103,87,3,84,RM,A05-B04-C02,SN40K7F54O,2025-09-16
ITEM-00259,102,112,11,101,RM,A02-B01-C01,,2025-09-03
ITEM-00259,103,33,4,29,WIP,A04-B04-C02,,2025-09-17
ITEM-00260,301,20,1,19,WIP,A01-B05-C02,SNXL105MZO,2025-09-27
ITEM-00261,201,196,18,178,STAGING,A05-B01-C01,,2025-09-08
ITEM-00262,103,24,0,24,RM,A05-B04-C01,SNK9WMIZ2I,2025-10-07
ITEM-00262,201,15,0,15,FG,A05-B03-C02,SNCBT9NQ1Z,2025-09-09
ITEM-00263,102,194,27,167,FG,A03-B02-C01,,2025-10-15
ITEM-00264,103,34,1,33,FG,A05-B02-C02,,2025-09-05
ITEM-00264,301,103,15,88,QA,A05-B04-C02,SNAQA10649,2025-10-05
ITEM-00265,201,56,6,50,WIP,A02-B03-C01,,2025-10-01
ITEM-00266,103,103,9,94,FG,A03-B04-C02,,2025-09-11
ITEM-00266,201,195,26,169,STAGING,A01-B01-C01,,2025-09-12
ITEM-00268,102,38,5,33,WIP,A05-B02-C01,SN0UFWKSNH,2025-09-15
ITEM-00269,301,185,17,168,WIP,A04-B03-C02,SNY9HYJ27A,2025-09-14
ITEM-00270,101,47,4,43,QA,A01-B02-C02,SNTXFLJKR9,2025-09-06
ITEM-00270,103,282,34,248,FG,A03-B04-C02,SNB0ZSYAN2,2025-10-10
ITEM-00270,201,178,15,163,RM,A04-B05-C02,SNPY0M23AE,2025-09-13
ITEM-00271,101,36,5,31,RM,A02-B01-C01,,2025-09-03
ITEM-00274,101,129,14,115,QA,A03-B02-C02,,2025-09-30
ITEM-00274,102,48,4,44,RM,A02-B01-C01,,2025-09-06
ITEM-00274,301,54,9,45,WIP,A01-B02-C02,,2025-09-07
ITEM-00275,102,187,4,183,QA,A04-B01-C02,,2025-10-15
ITEM-00276,101,157,2,155,RM,A05-B03-C01,,2025-09-06
ITEM-00277,101,70,10,60,WIP,A04-B03-C01,,2025-09-08
ITEM-00277,103,196,22,174,QA,A02-B03-C02,SNTJ39RFUF,2025-10-09
ITEM-00277,201,34,4,30,QA,A05-B05-C01,,2025-10-07
ITEM-00278,101,32,6,26,QA,A03-B02-C02,SNERDFKTXS,2025-10-09
ITEM-00278,102,27,4,23,STAGING,A04-B04-C02,SNB9ALZZHR,2025-10-12
ITEM-00279,201,71,5,66,RM,A02-B05-C01,,2025-10-14
ITEM-00280,201,108,2,106,STAGING,A05-B02-C02,,2025-09-20
ITEM-00280,301,66,4,62,QA,A03-B03-C02,,2025-09-15
ITEM-00282,103,189,7,182,FG,A01-B05-C02,SNSZX5P091,2025-09-16
ITEM-00283,101,187,6,181,WIP,A05-B02-C01,SNP4KN1LBP,2025-09-25
ITEM-00284,201,120,0,120,FG,A03-B03-C02,SN1XZ4QREY,2025-10-04
ITEM-00285,103,41,2,39,WIP,A04-B04-C02,SN6M1U0M4R,2025-10-05
ITEM-00285,201,98,12,86,WIP,A04-B02-C01,,2025-09-23
ITEM-00286,201,106,20,86,STAGING,A01-B03-C01,,2025-10-12
ITEM-00287,201,105,16,89,WIP,A04-B03-C02,,2025-10-13
ITEM-00287,301,186,16,170,FG,A01-B03-C02,,2025-10-09
ITEM-00288,102,166,23,143,RM,A01-B02-C02,SNV69ATMKV,2025-09-08
ITEM-00288,301,0,0,0,WIP,A04-B03-C02,,2025-09-26
ITEM-00289,101,112,5,107,STAGING,A01-B04-C01,SN05G5FQI7,2025-09-28
ITEM-00290,102,99,13,86,STAGING,A05-B04-C02,SN41A13861,2025-09-27
ITEM-00290,103,147,2,145,QA,A01-B04-C01,SN7CG0PKYZ,2025-09-26
ITEM-00291,101,10,0,10,STAGING,A05-B02-C02,SN2QDU4CAR,2025-09-08
ITEM-00291,201,91,16,75,RM,A05-B01-C01,,2025-09-26
ITEM-00293,102,16,0,16,QA,A03-B05-C02,,2025-10-06
ITEM-00293,201,314,19,295,STAGING,A05-B01-C02,,2025-09-22
ITEM-00294,101,125,18,107,WIP,A02-B05-C02,SNW11SVKMW,2025-09-19
ITEM-00294,103,33,1,32,RM,A05-B02-C02,,2025-09-10
ITEM-00294,201,46,5,41,FG,A04-B03-C01,,2025-10-14
ITEM-00295,102,234,31,203,WIP,A04-B03-C01,,2025-09-07
ITEM-00296,201,24,2,22,WIP,A05-B04-C01,SNIS2KVCP6,2025-09-23
ITEM-00296,301,68,2,66,QA,A01-B05-C02,SNOD8135LK,2025-09-27
ITEM-00297,101,72,6,66,RM,A01-B05-C02,SNRCOIZ6TW,2025-09-10
ITEM-00297,201,66,12,54,QA,A02-B05-C01,SN4IENY4BX,2025-10-01
ITEM-00297,301,232,13,219,RM,A02-B04-C01,SN6EYT42N7,2025-09-28
ITEM-00298,201,155,20,135,RM,A01-B02-C01,SNL2UWWYA9,2025-09-21
